Date,Year,Month,CSENT,IPM,HOUSE,UNEMP,LRIR,SP500,SP500_Price,SP500_Rise
1979-01-31,1979,1,-13.85902031063322,7.862464026186866,-5.157232704402515,5.9,-0.3003987240829318,11.966386896555491,99.93000030517578,1.0
1979-02-28,1979,2,-12.336892052194537,7.786828316318983,-8.596713021491787,5.9,-0.6712698412698508,10.615806257558514,96.27999877929688,1.0
1979-03-31,1979,3,-13.197969543147202,6.418676255708777,-2.5798525798525818,5.8,-1.1423659305993716,13.877365071706137,101.58999633789062,1.0
1979-04-30,1979,4,-19.11764705882353,2.9979841596809775,-13.425925925925931,5.8,-1.1351330203442842,5.091397513115292,101.76000213623048,1.0
1979-05-31,1979,5,-17.852834740651403,3.917937028066687,-15.169194865810965,5.6,-1.637674418604652,1.8922295430970237,99.08000183105467,1.0
1979-06-30,1979,6,-17.75,3.2684772416254004,-16.06714628297362,5.7,-2.2669230769230726,7.725327098414958,102.91000366210938,1.0
1979-07-31,1979,7,-26.699029126213603,3.406112015885321,-9.378960709759188,5.7,-2.4403816793893203,3.1088570162202123,103.80999755859376,1.0
1979-08-31,1979,8,-17.729591836734706,1.4798215986836283,-3.57142857142857,6.0,-2.5961153262518835,5.837930802448477,109.31999969482422,1.0
1979-09-30,1979,9,-17.03980099502488,1.0892884837414574,-10.467980295566504,5.9,-2.439699248120313,6.612052583149719,109.31999969482422,1.0
1979-10-31,1979,10,-21.689785624211844,0.9088672848418744,-23.165137614678898,6.0,-1.3515350223547173,9.307566319831583,101.81999969482422,1.0
1979-11-30,1979,11,-15.600000000000003,-0.4184791936382659,-25.187969924812027,5.9,-2.212592592592598,12.101380235662074,106.16000366210938,1.0
1979-12-31,1979,12,-7.715582450832059,-0.795399309391398,-30.55900621118013,6.0,-2.9247864506627366,12.308814645643151,107.94000244140624,1.0
1980-01-31,1980,1,-7.073509015256585,0.42872250019603264,-21.485411140583555,6.3,-2.7386131386861248,14.239971293382014,114.16000366210938,1.0
1980-02-29,1980,2,-9.472259810554807,-0.022816869272002105,-25.172890733056708,6.3,-1.441849710982643,18.051521710810125,113.66000366210938,1.0
1980-03-31,1980,3,-17.397660818713454,-1.3211125689678305,-40.22698612862548,6.3,-1.9522746781115714,0.49217444435867286,102.08999633789062,1.0
1980-04-30,1980,4,-20.15151515151514,-1.7036959400059448,-50.534759358288774,6.9,-3.8292351274787624,4.45164965035314,106.29000091552734,1.0
1980-05-31,1980,5,-24.08223201174742,-6.08888232688617,-35.48830811554333,7.5,-4.1757703081232425,12.272906548234985,111.23999786376952,1.0
1980-06-30,1980,6,-10.790273556231,-7.732336681723185,-21.142857142857142,7.6,-4.175927977839322,11.009614030197291,114.23999786376952,1.0
1980-07-31,1980,7,3.14569536423841,-8.832769046776834,-11.04895104895105,7.8,-2.39068493150684,17.204509228767485,121.66999816894533,1.0
1980-08-31,1980,8,4.341085271317824,-6.945371921103427,-9.60219478737997,7.7,-1.3400949796472155,11.946576651163365,122.37999725341795,1.0
1980-09-30,1980,9,10.494752623688154,-5.431862008715016,-18.01925722145805,7.5,-0.9088172043010765,14.763995092119075,125.45999908447266,1.0
1980-10-31,1980,10,20.772946859903385,-4.144532955735414,-16.268656716417908,7.5,-0.17297872340425258,25.19151601135072,127.47000122070312,1.0
1980-11-30,1980,11,21.169036334913116,-2.043738775927073,-5.862646566164154,7.5,0.08842105263158473,32.366239096707304,140.52000427246094,1.0
1980-12-31,1980,12,5.737704918032782,-1.9881091010132468,-4.830053667262968,7.2,0.07629388816644855,25.773569979796317,135.75999450683594,1.0
1981-01-31,1981,1,6.567164179104479,-2.8863238304247862,-13.682432432432435,7.5,0.8851282051282023,13.48107822000404,129.5500030517578,1.0
1981-02-28,1981,2,0.0,-3.230169094682045,-5.7301293900184795,7.4,2.0375949367088673,15.49357737371091,131.27000427246094,1.0
1981-03-31,1981,3,17.699115044247794,-2.099718517539928,8.438818565400851,7.4,2.5182646691635426,33.21579476785983,136.0,1.0
1981-04-30,1981,4,37.38140417457305,0.5313917153376702,27.027027027027017,7.2,3.9740296662546406,24.950603457180186,132.80999755859375,1.0
1981-05-31,1981,5,47.58220502901354,4.221973668252321,-0.4264392324093813,7.5,3.7080783353733207,19.192735422619723,132.58999633789062,1.0
1981-06-30,1981,6,24.531516183986348,5.45559579316548,-24.818840579710145,7.5,4.1630303030303075,14.854699901460355,131.2100067138672,1.0
1981-07-31,1981,7,18.9406099518459,6.889368247472194,-32.23270440251572,7.2,3.8951815980629423,7.6025315519080205,130.9199981689453,1.0
1981-08-31,1981,8,14.710252600297192,6.080094277113268,-42.64036418816388,7.4,4.592692307692314,0.3350250623558759,122.79000091552734,1.0
1981-09-30,1981,9,-0.8141112618724633,3.8196267346833013,-43.288590604026844,7.6,4.874564958283679,-7.396778931146509,116.18000030517578,0.0
1981-10-31,1981,10,-6.266666666666676,0.8467454810018538,-36.54188948306596,7.9,4.358453364817008,-4.377501982912357,121.88999938964844,0.0
1981-11-30,1981,11,-18.513689700130374,-2.2614566204788744,-32.02846975088968,8.3,3.5505607476635372,-10.083977631302188,126.3499984741211,0.0
1981-12-31,1981,12,-0.31007751937984773,-4.335396468144037,-14.097744360902254,8.5,5.0679629629629765,-9.730400699458619,122.5500030517578,0.0
1982-01-31,1982,1,-0.5602240896358635,-6.335992977149663,-27.98434442270059,8.6,5.883119266055051,-7.0629110847826855,120.4000015258789,0.0
1982-02-28,1982,2,-0.5979073243647326,-3.163078132506436,-28.431372549019606,8.9,6.4163636363636325,-13.834084765028953,113.11000061035156,0.0
1982-03-31,1982,3,-6.766917293233088,-4.204619901751439,-27.237354085603116,9.0,7.295124153498851,-17.67647126141716,111.95999908447266,0.0
1982-04-30,1982,4,-9.530386740331497,-5.419381371891152,-27.872340425531917,9.3,7.248226711560041,-12.325875625413907,116.44000244140624,0.0
1982-05-31,1982,5,-11.533420707732633,-6.040643048013106,-17.77301927194861,9.4,6.798071348940905,-15.619578894696984,111.87999725341795,0.0
1982-06-30,1982,6,-10.123119015047866,-5.675039569381202,-10.843373493975905,9.6,7.2576795580110565,-16.46216370571436,109.61000061035156,0.0
1982-07-31,1982,7,-11.740890688259098,-5.9948229966120365,-12.993039443155451,9.8,7.122622950819665,-18.201957045785576,107.08999633789062,0.0
1982-08-31,1982,8,-15.284974093264248,-6.878836344773931,7.671957671957674,9.8,6.844707158351405,-2.671226284584294,119.51000213623048,0.0
1982-09-30,1982,9,-5.198358413132686,-6.668692283485078,42.307692307692314,10.1,6.789076262083764,3.649507533682339,120.41999816894533,1.0
1982-10-31,1982,10,4.409672830725464,-6.9295727702721965,34.8314606741573,10.4,5.677880085653112,9.70547369783592,133.72000122070312,1.0
1982-11-30,1982,11,15.359999999999996,-6.245944047862462,45.0261780104712,10.8,6.312388059701479,9.639889554625114,138.52999877929688,1.0
1982-12-31,1982,12,11.81959564541215,-4.87346368146373,14.00437636761489,10.8,6.53428267800212,14.761318553578896,140.63999938964844,1.0
1983-01-31,1983,1,-0.845070422535199,-0.13664212985410318,58.152173913043484,10.4,7.092372881355926,20.681064128165218,145.3000030517578,1.0
1983-02-28,1983,2,12.180451127819536,-2.9809112536784976,53.972602739726014,10.4,6.785311510031676,30.899121881044046,148.05999755859375,1.0
1983-03-31,1983,3,30.32258064516129,-1.2916667613358856,59.35828877005347,10.3,7.029714889123554,36.620228621527986,152.9600067138672,1.0
1983-04-30,1983,4,36.03053435114503,0.6401146118690137,88.20058997050147,10.2,6.269999999999996,41.21435007571736,164.42999267578125,1.0
1983-05-31,1983,5,38.22222222222222,2.10591983193007,72.91666666666667,10.1,7.36891553701772,45.14658864517214,162.38999938964844,1.0
1983-06-30,1983,6,40.334855403348556,3.0445072388249894,75.94594594594595,10.1,8.485773195876277,52.942248386244906,167.63999938964844,1.0
1983-07-31,1983,7,41.89602446483178,4.722677448048707,61.60000000000001,9.4,9.401025641025637,51.797556370890184,162.55999755859375,1.0
1983-08-31,1983,8,38.99082568807339,6.657723167762564,40.54054054054055,9.5,9.523500511770742,37.56170275110815,164.39999389648438,1.0
1983-09-30,1983,9,29.725829725829733,8.888516828745363,26.40332640332641,9.2,8.67643807574207,37.908993397614864,166.07000732421875,1.0
1983-10-31,1983,10,21.662125340599438,11.492825672077856,31.666666666666664,8.8,8.987706422018343,22.30780852433636,163.5500030517578,1.0
1983-11-30,1983,11,26.352288488210828,12.737879635511984,16.24548736462095,8.5,8.466734693877548,20.118382561736258,166.39999389648438,1.0
1983-12-31,1983,12,31.01529902642559,13.487386564693793,48.36852207293667,8.3,8.032896622313205,17.27104194507032,164.92999267578125,1.0
1984-01-31,1984,1,42.18749999999998,12.88725654177818,18.72852233676976,8.0,7.379908069458649,12.46386801788335,163.41000366210938,1.0
1984-02-29,1984,2,30.56300268096517,14.195697245232864,23.843416370106763,7.8,7.346122448979601,6.078616877214471,157.05999755859375,1.0
1984-03-31,1984,3,25.0,13.56791669352091,7.550335570469802,7.8,7.637033639143723,4.066413238036404,159.17999267578125,1.0
1984-04-30,1984,4,7.856341189674532,12.760886867538357,0.15673981191222097,7.7,8.265344129554656,-2.6637412997151833,160.0500030517578,0.0
1984-05-31,1984,5,5.144694533762051,11.71946422995973,-7.37951807228916,7.4,9.575322580645174,-7.291087125064289,150.5500030517578,0.0
1984-06-30,1984,6,3.579175704989157,11.302071730897767,-3.2258064516129004,7.2,9.514044265593562,-8.625630378497885,153.17999267578125,0.0
1984-07-31,1984,7,4.094827586206895,10.117247343169055,2.1452145214521545,7.5,8.601382765531064,-7.3203703710656765,150.66000366210938,0.0
1984-08-31,1984,8,9.020902090209004,9.374415173500328,-0.8741258741258751,7.5,8.494295704295682,1.3868606228370606,166.67999267578125,1.0
1984-09-30,1984,9,12.23581757508343,6.940345362211753,8.881578947368428,7.3,8.187131474103591,0.018063935674006437,166.10000610351562,1.0
1984-10-31,1984,10,7.838745800671898,6.37160324507775,8.702531645569621,7.4,7.524126984126976,1.5530377491518532,166.08999633789062,1.0
1984-11-30,1984,11,5.049396267837558,6.123169893205649,-7.298136645962739,7.2,7.4256973293768445,-1.6947068322514358,163.5800018310547,0.0
1984-12-31,1984,12,-1.3800424628450103,6.057805745370581,-22.768434670116434,7.3,7.506607495069047,1.4006020250809215,167.24000549316406,1.0
1985-01-31,1985,1,-4.095904095904091,3.8971969732826572,-6.657018813314042,7.3,7.64404505386874,9.92595364861626,179.6300048828125,1.0
1985-02-28,1985,2,-3.7987679671457886,2.3140129164622714,-2.011494252873558,7.2,8.303762183235854,15.357185465502866,181.17999267578125,1.0
1985-03-31,1985,3,-7.2277227722772235,2.634635145899078,4.680187207488307,7.2,7.859912536443154,13.494165080204956,180.66000366210935,1.0
1985-04-30,1985,4,-1.5608740894901163,1.775076331105585,-2.9733959311424085,7.3,7.828199419167472,12.358636927298484,179.8300018310547,1.0
1985-05-31,1985,5,-6.422018348623848,1.6862867310727614,10.2439024390244,7.2,6.705120772946848,25.90501442008748,189.5500030517578,1.0
1985-06-30,1985,6,1.0471204188481575,1.256717403704699,14.603174603174596,7.4,6.585583413693349,25.24482000047015,191.8500061035156,1.0
1985-07-31,1985,7,-2.6915113871635588,0.39883280115762254,23.747980613893382,7.4,7.111786743515834,26.722417050465808,190.9199981689453,1.0
1985-08-31,1985,8,-6.760847628657906,0.7339584614129757,28.042328042328045,7.1,6.927509578544066,13.168954386581632,188.6300048828125,1.0
1985-09-30,1985,9,-8.72150644202181,1.2039675613715994,2.4169184290030232,7.1,7.0626265520535005,9.62070748966748,182.0800018310547,1.0
1985-10-31,1985,10,-8.203530633437161,0.4920931341385826,-4.657933042212514,7.1,6.774985727878216,14.287441453157834,189.82000732421875,1.0
1985-11-30,1985,11,-5.015673981191215,0.921919208730615,22.780569514237857,7.0,6.076229819563141,23.590901030644538,202.1699981689453,1.0
1985-12-31,1985,12,1.0764262648008671,0.9760376821673633,20.77051926298157,7.0,5.208530805687209,26.3334081796194,211.27999877929688,1.0
1986-01-31,1986,1,-0.4166666666666763,2.4425751222575176,13.643410852713188,6.7,5.1064900662251675,17.89789735710272,211.77999877929688,1.0
1986-02-28,1986,2,2.347918890074707,2.361940001591467,6.74486803519061,7.2,4.931505174035741,25.245616150904194,226.9199981689453,1.0
1986-03-31,1986,3,1.4941302027748016,1.2707647100642205,31.147540983606547,7.2,5.236441947565554,32.23734587280427,238.8999938964844,1.0
1986-04-30,1986,4,1.6913319238900826,1.8748959712127533,38.22580645161291,7.1,5.791214953271031,30.968137615727453,235.5200042724609,1.0
1986-05-31,1986,5,3.267973856209161,1.780912383935207,16.371681415929196,7.2,6.370895522388053,30.493274661660188,247.3500061035156,1.0
1986-06-30,1986,6,2.901554404145079,1.3472645548453066,0.8310249307479145,7.2,5.582558139534886,30.747974124403264,250.83999633789065,1.0
1986-07-31,1986,7,3.936170212765955,2.3400136982222097,-8.87728459530026,7.0,5.668690807799446,23.67483625693556,236.1199951171875,1.0
1986-08-31,1986,8,2.7056277056277,2.1036685324685056,-14.462809917355369,6.9,5.374467099165902,34.08788958729843,252.92999267578125,1.0
1986-09-30,1986,9,-0.21715526601518986,2.2934548826930135,12.536873156342176,7.0,5.692368177613315,27.043060741427304,231.32000732421875,1.0
1986-10-31,1986,10,8.14479638009049,2.872664514458223,2.1374045801526798,7.0,5.773179723502295,28.532286541751773,243.97999572753903,1.0
1986-11-30,1986,11,0.5500550055005604,2.5367077573665853,-3.547066848567526,6.9,5.865596330275224,23.27249516638963,249.22000122070312,1.0
1986-12-31,1986,12,-5.111821086261992,3.201530911737782,8.737864077669899,6.6,6.0427853881278555,14.620408731597978,242.1699981689453,1.0
1987-01-31,1987,1,-5.439330543933041,1.603607052468159,-3.2742155525238736,6.6,5.815122838944489,29.417314265779027,274.0799865722656,1.0
1987-02-28,1987,2,-5.943691345151203,3.653656668992311,0.5494505494505475,6.6,5.275688240656333,25.242382557856402,284.20001220703125,1.0
1987-03-31,1987,3,-4.5215562565720235,4.038430413612493,-18.97727272727273,6.6,4.6685701191567395,22.101305843241303,291.70001220703125,1.0
1987-04-30,1987,4,-3.53430353430354,4.4161982377997955,-14.235705950991829,6.3,4.530147194112239,22.435453515860914,288.3599853515625,1.0
1987-05-31,1987,5,-3.9029535864978926,5.0167165605652375,-17.490494296577953,6.3,4.820275229357798,17.28320151409628,290.1000061035156,1.0
1987-06-30,1987,6,-7.85498489425982,5.842256158211923,-12.5,6.2,4.6322851919561225,21.1927939874871,304.0,1.0
1987-07-31,1987,7,-4.094165813715456,6.09134397150739,-5.730659025787965,6.1,4.733059360730606,34.95680596806587,318.6600036621094,1.0
1987-08-31,1987,8,-0.5268703898840932,6.364552564333192,5.797101449275366,6.0,4.7116788321167755,30.391806959692367,329.79998779296875,1.0
1987-09-30,1987,9,1.8498367791077053,6.82660349952644,-12.712975098296198,5.9,5.357272727272728,39.127605214532025,321.8299865722656,1.0
1987-10-31,1987,10,-6.589958158995812,8.089659625495816,-2.840059790732441,6.0,4.5242831215970964,3.201081111303683,251.7899932861328,1.0
1987-11-30,1987,11,-9.08096280087528,8.236738007436584,-11.5983026874116,5.8,4.461014492753614,-7.591685288609806,230.3000030517578,0.0
1987-12-31,1987,12,-2.581369248035914,7.941717384297431,-24.10714285714286,5.7,4.497870036101088,2.0275028695685204,247.0800018310547,1.0
1988-01-31,1988,1,0.4424778761061843,8.05799396007254,-17.48942172073342,5.7,4.130736086175956,-6.20620989543208,257.07000732421875,0.0
1988-02-29,1988,2,1.552106430155198,6.855122217368237,-9.426229508196727,5.7,4.224400715563503,-5.763548268562413,267.82000732421875,0.0
1988-03-31,1988,3,4.185022026431717,7.153821787968129,-6.171107994389901,5.7,4.737557932263814,-11.247856080070084,258.8900146484375,0.0
1988-04-30,1988,4,-1.724137931034475,7.487216742574532,-4.897959183673473,5.4,4.877098491570541,-9.373699595088569,261.3299865722656,0.0
1988-05-31,1988,5,4.061470911086729,6.502794205515139,5.069124423963123,5.6,5.217699115044252,-9.631162307330833,262.1600036621094,0.0
1988-06-30,1988,6,3.49726775956285,6.347512829726254,12.558869701726838,5.4,4.85524229074889,-10.032894736842103,273.5,0.0
1988-07-31,1988,7,-0.32017075773745907,5.481045084777381,3.1914893617021267,5.4,4.9899472759226615,-14.636293890805375,272.0199890136719,0.0
1988-08-31,1988,8,3.177966101694918,5.088031659025316,4.718417047184165,5.6,5.138013998250221,-20.703457036559836,261.5199890136719,0.0
1988-09-30,1988,9,3.952991452991461,4.662668855170526,5.555555555555558,5.4,4.685170008718397,-15.51129011993011,271.9100036621094,0.0
1988-10-31,1988,10,5.375139977603571,3.486445354724932,10.461538461538456,5.4,4.389130434782594,10.794713316379934,278.9700012207031,1.0
1988-11-30,1988,11,11.913357400722035,3.3723626881962065,0.47999999999999154,5.3,4.813899480069338,18.844988528080787,273.70001220703125,1.0
1988-12-31,1988,12,5.87557603686637,3.1346332535300947,10.588235294117654,5.3,4.728235294117641,12.40084149367906,277.7200012207031,1.0
1989-01-31,1989,1,7.819383259911894,4.2900564939913455,22.905982905982913,5.4,4.527241379310347,15.715561032186676,297.4700012207031,1.0
1989-02-28,1989,2,4.148471615720539,2.854987147206156,-6.184012066365008,5.2,4.6728399311532,7.856014282709323,288.8599853515625,1.0
1989-03-31,1989,3,-0.3171247357293794,2.3979317860210125,-15.246636771300448,5.0,4.40729613733906,13.897786099479115,294.8699951171875,1.0
1989-04-30,1989,4,0.3289473684210398,1.6337133835561124,-13.01859799713877,5.2,3.9858703071672323,18.486216874622883,309.6400146484375,1.0
1989-05-31,1989,5,-4.32489451476793,1.0233857184542838,-4.093567251461994,5.2,3.3234042553191543,22.261208626919693,320.5199890136719,1.0
1989-06-30,1989,6,-4.329461457233375,0.9706618243313425,-10.460251046025103,5.3,2.93050847457628,16.26325813028451,317.9800109863281,1.0
1989-07-31,1989,7,-1.4989293361884481,-0.21026939791533028,7.658321060382911,5.2,2.756708860759489,27.225939471261242,346.0799865722656,1.0
1989-08-31,1989,8,-8.00821355236141,0.6226680234530102,1.3081395348837122,5.2,3.6381512605041957,34.38743766108754,351.45001220703125,1.0
1989-09-30,1989,9,-1.541623843782114,0.09126590467976037,-9.103840682788055,5.3,3.8748535564853634,28.406454045125074,349.1499938964844,1.0
1989-10-31,1989,10,-0.2125398512220933,-0.5856643656992011,-10.167130919220057,5.3,3.332844036697253,22.005944675854792,340.3599853515625,1.0
1989-11-30,1989,11,-2.2580645161290214,-0.7613392314734901,8.917197452229297,5.4,3.1849709060681493,26.41212086342999,345.989990234375,1.0
1989-12-31,1989,12,-1.5233949945593128,-1.1909810393365916,-4.255319148936165,5.4,3.290397680198838,27.250465340319007,353.3999938964844,1.0
1990-01-31,1990,1,-5.005107252298268,-2.112261042976382,-13.76912378303199,5.4,3.231980198019797,10.62627667389895,329.0799865722656,1.0
1990-02-28,1990,2,-6.184486373165621,0.2830159710399016,-4.983922829581989,5.3,3.2468421052631635,14.896500546624525,331.8900146484375,1.0
1990-03-31,1990,3,-3.181336161187698,0.9470285782613885,1.2345679012345734,5.2,3.4126841243862653,15.284704469950228,339.94000244140625,1.0
1990-04-30,1990,4,2.622950819672143,0.3712128446123897,-10.855263157894735,5.4,4.328383428107214,6.83373341412481,330.79998779296875,1.0
1990-05-31,1990,5,-0.11025358324145973,1.5157454592970243,-18.59756097560976,5.4,4.234599838318523,12.70124278299527,361.2300109863281,1.0
1990-06-30,1990,6,-2.5386313465783683,1.6570167520686852,-15.109034267912769,5.2,3.7563497179693606,12.591979572283662,358.0199890136719,1.0
1990-07-31,1990,7,-4.130434782608694,2.6602231154871037,-25.85499316005472,5.5,3.540722891566271,2.90973408313977,356.1499938964844,1.0
1990-08-31,1990,8,-14.732142857142849,2.0255093441388095,-24.246771879483497,5.7,3.1571887550200888,-8.220234356235878,322.5599975585937,0.0
1990-09-30,1990,9,-24.00835073068893,2.1415003602491822,-22.37871674491393,5.9,2.650128205128194,-12.344266606601707,306.04998779296875,0.0
1990-10-31,1990,10,-31.948881789137385,1.7118712899518718,-27.906976744186053,5.9,2.2704146730462487,-10.68280259619996,304.0,0.0
1990-11-30,1990,11,-27.392739273927404,0.27366032321922695,-27.92397660818714,6.2,2.0646068308181267,-6.870137774092822,322.2200012207031,0.0
1990-12-31,1990,12,-27.62430939226519,-0.5968940138235457,-26.349206349206344,6.3,1.825051464766438,-6.559137825727013,330.2200012207031,0.0
1991-01-31,1991,1,-28.172043010752688,-1.1302397791961405,-35.322580645161295,6.4,2.3829411764705943,4.5125825663830055,343.92999267578125,1.0
1991-02-28,1991,2,-21.340782122905022,-3.213091886466679,-18.443316412859556,6.6,2.7074999999999907,10.5998948817567,367.0700073242188,1.0
1991-03-31,1991,3,-3.943044906900317,-4.39509674187838,-11.672473867595823,6.8,3.228849144634504,10.378301619674168,375.2200012207031,1.0
1991-04-30,1991,4,-12.886048988285415,-3.5985070493839144,-6.27306273062731,6.7,3.2100698215671244,13.464331979600086,375.3399963378906,1.0
1991-05-31,1991,5,-13.576158940397354,-3.206569971072626,-3.183520599250933,6.9,3.0251432997676186,7.917386351108013,389.8299865722656,1.0
1991-06-30,1991,6,-7.021517553793888,-2.573135940849769,-5.321100917431187,6.9,3.5440800615858388,3.6701902272656906,371.1600036621094,1.0
1991-07-31,1991,7,-6.00907029478458,-1.8029374936546105,-5.719557195571956,6.8,3.832183908045975,8.889514026304157,387.80999755859375,1.0
1991-08-31,1991,8,7.329842931937169,-2.085935695730523,-0.37878787878787845,6.9,4.020607902735569,22.59114449055346,395.4299926757813,1.0
1991-09-30,1991,9,14.010989010989006,-0.9148162773508384,-1.814516129032262,6.9,4.073773584905661,26.730926587696892,387.8599853515625,1.0
1991-10-31,1991,10,22.535211267605625,-0.36597114027024924,12.68817204301076,7.0,4.6214242878560805,29.095398752312928,392.4500122070313,1.0
1991-11-30,1991,11,4.696969696969688,0.6512434157691427,16.63286004056794,7.0,4.313433059087481,16.448389236923223,375.2200012207031,1.0
1991-12-31,1991,12,4.122137404580162,1.2408380685512865,20.25862068965518,7.3,3.729374068554387,26.30670304526097,417.0899963378906,1.0
1992-01-31,1992,1,1.0479041916167775,1.32810373585881,68.5785536159601,7.3,4.637394209354101,18.85558325372598,408.7799987792969,1.0
1992-02-29,1992,2,-2.272727272727282,3.0703550531938406,32.572614107883815,7.4,4.45100890207717,12.430872578077267,412.7000122070313,1.0
1992-03-31,1992,3,-13.34093500570126,4.893969885712979,9.072978303747536,7.4,4.350089020771528,7.587548938777711,403.6900024414063,1.0
1992-04-30,1992,4,-5.623471882640585,5.042902382760794,7.48031496062993,7.4,4.427172464840851,10.553102854906715,414.9500122070313,1.0
1992-05-31,1992,5,1.1494252873563315,4.916965727693778,7.156673114119916,7.6,4.3064011799409965,6.546448557137663,415.3500061035156,1.0
1992-06-30,1992,6,-2.0706455542021773,4.240687381204444,15.503875968992254,7.8,4.125294117647069,9.963360982179914,408.1400146484375,1.0
1992-07-31,1992,7,-7.599517490952968,4.638779993968889,22.700587084148726,7.7,3.5628781204111464,9.38603804069924,424.2099914550781,1.0
1992-08-31,1992,8,-7.195121951219519,4.069644323622623,20.912547528517102,7.6,3.5453294289897483,4.703741862789346,414.0299987792969,1.0
1992-09-30,1992,9,-8.915662650602417,3.12233354962983,33.47022587268993,7.6,3.3772992700729887,7.7192810736246065,417.7999877929688,1.0
1992-10-31,1992,10,-6.38569604086846,3.90404780216127,18.511450381679385,7.3,3.520116618075802,6.683648784017038,418.6799926757813,1.0
1992-11-30,1992,11,23.444283646888575,4.520323258555581,6.78260869565217,7.4,3.8295355587808606,14.95922517461883,431.3500061035156,1.0
1992-12-31,1992,12,33.43108504398826,4.676953326379651,16.48745519713262,7.4,3.733285094066546,4.464263175974903,435.7099914550781,1.0
1993-01-31,1993,1,32.29629629629629,6.212032509125964,-11.834319526627224,7.3,3.1362039045553054,7.3389109275371345,438.7799987792969,1.0
1993-02-28,1993,2,25.872093023255815,5.450645094180673,-5.477308294209704,7.1,2.783246753246747,7.433969413209174,443.3800048828125,1.0
1993-03-31,1993,3,13.026315789473685,4.144062662938652,8.860759493670889,7.0,3.0105895039539847,11.8853602259551,451.6700134277344,1.0
1993-04-30,1993,4,10.880829015544036,4.085614536620885,28.388278388278398,7.1,2.8936154949784854,6.08265802912713,440.1900024414063,1.0
1993-05-31,1993,5,1.388888888888884,3.3668438923837307,12.996389891696758,7.1,2.9388117394416504,8.38810541132089,450.1900024414063,1.0
1993-06-30,1993,6,1.3681592039801016,2.8433135756338768,9.563758389261734,7.0,2.8021413276231035,10.386137749167567,450.5299987792969,1.0
1993-07-31,1993,7,0.5221932114882533,2.153990563940411,4.465709728867617,6.9,2.9830249110320377,5.638719952278026,448.1300048828125,1.0
1993-08-31,1993,8,1.5768725361366753,2.4690847429587715,1.4150943396226356,6.8,2.6090909090909173,11.962900979476942,463.55999755859375,1.0
1993-09-30,1993,9,3.0423280423280685,3.058019125006184,11.69230769230769,6.7,2.6360028348688846,9.844424625305038,458.9299926757813,1.0
1993-10-31,1993,10,12.824010914051854,3.2948691226647675,13.365539452495966,6.8,2.6777064220183426,11.739274566803882,467.8299865722656,1.0
1993-11-30,1993,11,-4.806565064478308,3.3657704900882157,25.24429967426709,6.6,3.0854539057002066,7.056914804842096,461.7900085449219,1.0
1993-12-31,1993,12,-3.076923076923077,4.146145916848032,24.923076923076913,6.5,3.0190372452564933,7.055156263296869,466.4500122070313,1.0
1994-01-31,1994,1,5.599104143337064,3.32065035009248,3.8590604026845554,6.6,3.249019607843146,9.761152899270776,481.6099853515625,1.0
1994-02-28,1994,2,7.621247113163987,3.2160934038390154,13.576158940397342,6.6,3.6342767295597493,5.358836551933566,467.1400146484375,1.0
1994-03-31,1994,3,6.519208381839348,4.811970381892139,24.086378737541537,6.5,4.118220516399175,-1.306268788863596,445.7699890136719,0.0
1994-04-30,1994,4,8.177570093457941,5.209857838238596,-1.2838801711840264,6.4,4.695605006954118,2.4353122881590306,450.9100036621094,1.0
1994-05-31,1994,5,15.566625155666248,6.016618263956142,10.383386581469644,6.1,4.881511789181693,1.4016298728035226,456.5,1.0
1994-06-30,1994,6,11.901840490797543,6.583506807514783,-4.900459418070446,6.1,4.845197505197505,-1.3894767901330374,444.2699890136719,0.0
1994-07-31,1994,7,15.58441558441559,6.769677185346379,-4.122137404580151,6.1,4.42103806228374,2.260505829209425,458.260009765625,1.0
1994-08-31,1994,8,18.62871927554981,7.822247336131749,1.7054263565891459,6.0,4.289447513812165,2.57355956911991,475.489990234375,1.0
1994-09-30,1994,9,17.458279845956337,7.433261859661622,-6.749311294765836,5.9,4.654482758620677,0.8236547707979547,462.7099914550781,1.0
1994-10-31,1994,10,12.091898428053206,7.603430004115119,1.5625,5.8,5.200109890109877,0.9661671250207116,472.3500061035156,1.0
1994-11-30,1994,11,12.807881773399,7.983243112454286,-15.994798439531854,5.6,5.307260273972597,-1.7540453352462682,453.6900024414063,0.0
1994-12-31,1994,12,7.823129251700678,8.477478751315747,-22.536945812807886,5.5,5.242597402597424,-1.5392910291473272,459.2699890136719,0.0
1995-01-31,1995,1,3.499469777306463,8.541235172283933,1.1308562197092087,5.6,4.72918660287082,-2.3234509798752856,470.4200134277344,0.0
1995-02-28,1995,2,2.0386266094420513,8.097098756341259,-18.5131195335277,5.4,4.357014314928405,4.334888762470901,487.3900146484375,1.0
1995-03-31,1995,3,-1.3114754098360715,6.936738760436478,-17.53681392235609,5.4,4.4127804214819815,12.324742310034974,500.7099914550781,1.0
1995-04-30,1995,4,-0.10799136069113979,5.67941747364582,-10.260115606936415,5.8,3.944999999999978,14.149168967729441,514.7100219726562,1.0
1995-05-31,1995,5,-3.2327586206896575,5.353139823860009,-2.460202604920403,5.6,3.1813559322033944,16.845569422576666,533.4000244140625,1.0
1995-06-30,1995,6,1.6447368421052655,5.472946128814105,16.747181964573276,5.6,3.1674036511156256,22.616880156457285,544.75,1.0
1995-07-31,1995,7,6.067415730337089,4.329937688636454,21.81528662420382,5.7,3.619811320754729,22.650893724297873,562.0599975585938,1.0
1995-08-31,1995,8,4.907306434023995,4.713925710974465,6.859756097560976,5.7,3.6625503355704616,18.168629502769296,561.8800048828125,1.0
1995-09-30,1995,9,-2.841530054644803,5.2669341726457874,0.1477104874446189,5.6,3.62478901540523,26.301567706965812,584.4099731445312,1.0
1995-10-31,1995,10,-2.696871628910469,4.123341434819472,-2.657342657342654,5.5,3.2856894243641337,23.107863339915813,581.5,1.0
1995-11-30,1995,11,-3.7117903930130924,3.3779132946114565,2.786377708978338,5.6,3.156528704939933,33.43251820837083,605.3699951171875,1.0
1995-12-31,1995,12,-4.311251314405884,2.64892030066477,12.718600953895077,5.6,3.0483544303797334,34.11065547708709,615.9299926757812,1.0
1996-01-31,1996,1,-8.504098360655732,1.8311396375884526,14.057507987220452,5.6,2.8093023255814034,35.202585216743756,636.02001953125,1.0
1996-02-29,1996,2,-6.9400630914826404,3.617166212534051,37.567084078711986,5.5,3.412968853545393,31.399900167781247,640.4299926757812,1.0
1996-03-31,1996,3,3.7652270210409844,3.0666616553091997,17.04545454545454,5.5,3.4960846560846512,28.916940148159973,645.5,1.0
1996-04-30,1996,4,0.216216216216214,4.669367873995212,18.518518518518512,5.6,3.827325428194995,27.094860209446004,654.1699829101562,1.0
1996-05-31,1996,5,-0.44543429844097204,5.134586994016743,10.682492581602364,5.6,4.022912557527935,25.444312802987355,669.1199951171875,1.0
1996-06-30,1996,6,-0.3236245954692518,5.683239547181085,-0.5517241379310311,5.3,3.908477690288734,23.107848532870577,670.6300048828125,1.0
1996-07-31,1996,7,0.3177966101694851,6.8569038649950675,0.6535947712418277,5.5,3.916644823066833,13.857953774822352,639.9500122070312,1.0
1996-08-31,1996,8,-0.9355509355509439,6.025598677597066,17.83166904422253,5.1,4.147704381948992,16.037229402807473,651.989990234375,1.0
1996-09-30,1996,9,6.524184476940387,5.942902002128392,13.569321533923295,5.2,3.715427824951008,17.610932166597237,687.3300170898438,1.0
1996-10-31,1996,10,6.984478935698446,5.869389804117331,3.4482758620689724,5.2,3.30811074918568,21.28461212919175,705.27001953125,1.0
1996-11-30,1996,11,12.471655328798192,6.693318864457698,16.114457831325304,5.4,2.806909564085892,25.05079961630838,757.02001953125,1.0
1996-12-31,1996,12,6.483516483516483,7.1393701676166765,13.540197461212976,5.4,3.0511825860948667,20.263666170303285,740.739990234375,1.0
1997-01-31,1997,1,9.070548712206051,7.916703339759401,16.246498599439786,5.3,3.4918616677440095,23.606167888227027,786.1599731445312,1.0
1997-02-28,1997,2,12.655367231638426,7.787337551072371,4.16124837451235,5.2,3.527741935483875,23.482662643592445,790.8200073242188,1.0
1997-03-31,1997,3,6.7235859124866515,9.191613742959092,15.256588072122046,5.2,4.15472668810289,17.29202093217468,757.1199951171875,1.0
1997-04-30,1997,4,9.385113268608425,7.6746650046743525,1.0869565217391353,5.1,4.285663036515038,22.497217510746715,801.3400268554688,1.0
1997-05-31,1997,5,15.436241610738243,7.608019114852627,1.8766756032171594,4.9,4.432148337595911,26.775471587620103,848.280029296875,1.0
1997-06-30,1997,6,13.095238095238093,7.19359964303401,9.986130374479885,5.0,4.276432673899173,31.98634242485303,885.1400146484375,1.0
1997-07-31,1997,7,13.093980992608234,7.5094328379231134,4.545454545454541,4.9,3.854394904458599,49.1225844761549,954.3099975585938,1.0
1997-08-31,1997,8,9.548793284365175,8.419333434033916,-1.3317191283293006,4.8,4.049923664122122,37.95763495997642,899.469970703125,1.0
1997-09-30,1997,9,11.932418162618784,8.48860009790835,9.090909090909083,4.9,3.90059606848446,37.82026184563567,947.280029296875,1.0
1997-10-31,1997,10,9.430051813471497,9.623256661255141,11.111111111111116,4.7,3.7540328697850835,29.683662964304048,914.6199951171876,1.0
1997-11-30,1997,11,8.064516129032251,9.815968026768275,12.062256809338523,4.6,3.9696408317580385,26.205384238801255,955.4000244140624,1.0
1997-12-31,1997,12,5.366357069143435,9.499961151547165,-1.4906832298136607,4.7,4.052954116907593,31.008181746570852,970.4299926757812,1.0
1998-01-31,1998,1,9.445585215605746,10.293887441149497,5.060240963855422,4.6,3.898883312421596,24.69218260704502,980.280029296875,1.0
1998-02-28,1998,2,10.732196589769316,8.93808640132887,8.114856429463169,4.6,4.179799624295552,32.69011356589342,1049.3399658203125,1.0
1998-03-31,1998,3,6.499999999999995,7.608637011727537,0.6016847172081841,4.7,4.293279098873606,45.51854489452105,1101.75,1.0
1998-04-30,1998,4,7.199211045364895,8.22740848787944,16.3978494623656,4.3,4.241601000625409,38.736361936468874,1111.75,1.0
1998-05-31,1998,5,3.197674418604657,8.03847887403073,16.710526315789465,4.4,3.871444652908064,28.59196357519165,1090.8199462890625,1.0
1998-06-30,1998,6,1.0526315789473717,6.526702395924677,16.393442622950815,4.5,3.817028714107362,28.097244171099224,1133.8399658203125,1.0
1998-07-31,1998,7,-1.7740429505135324,5.202399518282341,8.819875776397513,4.5,3.75436408977557,17.43249539586893,1120.6700439453125,1.0
1998-08-31,1998,8,0.0,6.544727633695291,3.8036809815950923,4.5,3.433084577114421,6.427124915416504,957.280029296875,1.0
1998-09-30,1998,9,-4.8113207547169745,5.498568614058397,2.857142857142847,4.6,3.013200992555821,7.361073633158677,1017.010009765625,1.0
1998-10-31,1998,10,-7.765151515151503,5.478256938241621,11.624999999999996,4.5,3.153931888544892,20.123116683507792,1098.6700439453125,1.0
1998-11-30,1998,11,-4.197761194029848,4.491588850587092,15.162037037037045,4.4,3.2557699443413695,21.795057059628565,1163.6300048828125,1.0
1998-12-31,1998,12,-1.5670910871694366,4.551894167167769,19.672131147540984,4.4,3.0430778739184223,26.66858915596535,1229.22998046875,1.0
1999-01-31,1999,1,-2.5328330206378924,3.979762464189518,0.34403669724769603,4.3,2.9933333333333394,30.538211164648963,1279.6400146484375,1.0
1999-02-28,1999,2,-2.083333333333348,4.809724277099958,-2.0785219399538146,4.4,3.6233333333333393,18.010368078055027,1238.3299560546875,1.0
1999-03-31,1999,3,-0.7511737089201831,5.002840963349198,3.229665071770338,4.2,3.521604938271606,16.756977092551615,1286.3699951171875,1.0
1999-04-30,1999,4,-3.771849126034965,4.94936421516019,6.004618937644346,4.3,3.0788655980271162,20.097148973324707,1335.1800537109375,1.0
1999-05-31,1999,5,0.28169014084507005,5.230109946474504,0.11273957158963732,4.2,3.5489790897909037,19.345082591231844,1301.8399658203125,1.0
1999-06-30,1999,6,1.6098484848484862,5.8281539830662865,0.0,4.3,3.84439803439804,21.0673465672353,1372.7099609375,1.0
1999-07-31,1999,7,0.7604562737642651,6.890354007309085,2.7397260273972712,4.3,3.7753921568627415,18.564779872706684,1328.719970703125,1.0
1999-08-31,1999,8,0.09578544061301653,4.756150526787728,5.555555555555558,4.2,3.71561811505509,37.933519322400635,1320.4100341796875,1.0
1999-09-30,1999,9,6.243805748265596,4.3761781276403955,-4.398148148148151,4.2,3.2700305810397463,26.125598432714227,1282.7099609375,1.0
1999-10-31,1999,10,5.954825462012314,5.040122423493987,-2.3516237402015694,4.1,3.4574618669920696,24.05271821343833,1362.9300537109375,1.0
1999-11-30,1999,11,4.3816942551119675,5.626789939886945,-13.266331658291453,4.1,3.559646556977439,19.36010831205428,1388.9100341796875,1.0
1999-12-31,1999,12,4.875621890547266,5.7751259850761905,-8.008429926238147,4.0,3.773600973236002,19.526046658878403,1469.25,1.0
2000-01-31,2000,1,7.79595765158807,5.554077149837688,-0.22857142857143353,4.0,3.8870431086824446,8.972831810093695,1394.4599609375,1.0
2000-02-29,2000,2,2.9602220166512483,4.870419916303148,0.9433962264151052,4.1,3.2020279295689145,10.343776895999458,1366.4200439453125,1.0
2000-03-31,2000,3,1.3245033112582627,5.620498945609342,4.2873696407879525,4.0,2.2678640776698993,16.496805875681808,1498.5799560546875,1.0
2000-04-30,2000,4,4.397705544933084,5.925972062578921,-8.387799564270148,3.8,3.2161362266425613,8.781587148049486,1452.4300537109375,1.0
2000-05-31,2000,5,3.6516853932584414,5.108193797570282,-3.490990990990994,4.0,3.1574698795180867,9.12247379736819,1420.5999755859375,1.0
2000-06-30,2000,6,-0.8387698042870428,5.526098938210899,-14.084507042253524,4.0,2.2950602409638625,5.965572989104717,1454.5999755859375,1.0
2000-07-31,2000,7,2.169811320754711,5.122738938484339,-1.4444444444444482,4.0,2.440719856028805,7.68483861182041,1430.8299560546875,1.0
2000-08-31,2000,8,2.6794258373205704,3.9146323930146387,-5.039193729003355,4.1,2.378713345302229,14.940057590050436,1517.6800537109375,1.0
2000-09-30,2000,9,-0.3731343283582156,4.901651238092675,10.411622276029053,3.9,2.34350417163291,11.990243586766614,1436.510009765625,1.0
2000-10-31,2000,10,2.519379844961245,3.022583074990548,6.995412844036708,3.9,2.3196728138013123,4.876990607268716,1429.4000244140625,1.0
2000-11-30,2000,11,0.3731343283581934,2.074313783916426,1.969872537659323,3.9,2.0358194774346794,-5.32504490483392,1314.949951171875,0.0
2000-12-31,2000,12,-6.641366223908918,0.7202396811501144,12.600229095074456,3.9,1.6839810426540458,-10.139184665858437,1320.280029296875,0.0
2001-01-31,2001,1,-15.446428571428573,0.24450382566985063,7.216494845360821,4.2,1.4687950383934059,-2.0402128400121344,1366.010009765625,0.0
2001-02-28,2001,2,-18.59838274932615,-0.5729960311869342,12.5,4.2,1.390588235294108,-9.25631200299668,1239.93994140625,0.0
2001-03-31,2001,3,-14.565826330532206,-1.4636808252322608,4.333333333333322,4.3,1.9475438596491355,-22.571368223188504,1160.3299560546875,0.0
2001-04-30,2001,4,-19.047619047619047,-2.546468043798522,8.085612366230688,4.4,2.1317437097717944,-13.974517551110422,1249.4599609375,0.0
2001-05-31,2001,5,-16.892502258355925,-3.2040569477152947,3.267211201866971,4.3,1.8669158878504604,-11.599326490830764,1255.8199462890625,0.0
2001-06-30,2001,6,-12.969924812030087,-3.9741796733735013,11.22320302648172,4.5,2.226039488966311,-15.827029737876108,1224.3800048828125,0.0
2001-07-31,2001,7,-14.68144044321329,-4.6298151313517995,-0.7891770011273946,4.6,2.3485176606832505,-15.347733995691115,1211.22998046875,0.0
2001-08-31,2001,8,-14.725069897483689,-4.384940361850898,2.1226415094339535,4.9,2.12851766068325,-25.308370938727975,1133.5799560546875,0.0
2001-09-30,2001,9,-23.408239700374533,-5.215240888564432,-6.469298245614031,5.0,2.007834101382495,-27.53688214284804,1040.93994140625,0.0
2001-10-31,2001,10,-21.833648393194704,-5.36403225184875,-6.645230439442662,5.3,2.1723404255319227,-25.858401343507854,1059.780029296875,0.0
2001-11-30,2001,11,-22.026022304832704,-5.428073756636575,5.000000000000004,5.5,2.885625717566003,-13.346515572215923,1139.449951171875,0.0
2001-12-31,2001,12,-9.756097560975618,-4.685384450937081,-0.4069175991861629,5.7,3.4663344788086894,-13.042693172742602,1148.0799560546875,0.0
2002-01-31,2002,1,-1.7951425554382339,-3.614166579040645,-5.982905982905984,5.7,3.874100227790426,-17.262688919403267,1130.199951171875,0.0
2002-02-28,2002,2,0.11037527593820151,-3.041507204544991,-1.5576323987538943,5.7,3.7436363636363534,-10.74325912805284,1106.72998046875,0.0
2002-03-31,2002,3,4.590163934426239,-2.084987717054232,-1.7039403620873306,5.7,4.057137989778534,-1.1151949786979531,1147.3900146484375,0.0
2002-04-30,2002,4,5.203619909502266,-1.3284991031808246,2.970297029702973,5.9,3.4660090702947812,-13.809159347749455,1076.9200439453125,0.0
2002-05-31,2002,5,5.326086956521747,-0.15299870845245644,10.508474576271176,5.8,3.8391652566272017,-15.024441377776544,1067.1400146484375,0.0
2002-06-30,2002,6,-0.21598272138227959,1.5145304044783758,8.503401360544217,5.8,3.790782217220026,-19.157450842317857,989.8200073242188,0.0
2002-07-31,2002,7,-4.653679653679665,1.97988714453321,8.636363636363642,5.8,3.044385569334848,-24.736011342421715,911.6199951171876,0.0
2002-08-31,2002,8,-4.262295081967215,2.4770916971493806,17.09006928406467,5.7,2.3925366403607766,-19.18787885836395,916.0700073242188,0.0
2002-09-30,2002,9,5.256723716381417,2.9770376909772356,22.391559202813593,5.7,2.113997754070729,-21.6784756865532,815.280029296875,0.0
2002-10-31,2002,10,-2.539298669891188,3.1137731324374585,15.49942594718714,5.7,1.9029729729729827,-16.420390526391206,885.760009765625,0.0
2002-11-30,2002,11,0.35756853396899935,4.0001588760653295,10.822510822510822,5.9,1.9664788732394394,-17.82789611815425,936.3099975585938,0.0
2002-12-31,2002,12,-2.3648648648648574,3.0807117944047446,7.04800817160367,6.0,1.3497294250281788,-23.365963957103563,879.8200073242188,0.0
2003-01-31,2003,1,-11.397849462365583,3.2261474839198723,13.522727272727275,5.8,1.2425436128306009,-24.28773233269227,855.7000122070312,0.0
2003-02-28,2003,2,-11.907386990077173,3.06811436485952,-1.2658227848101222,5.9,0.5639325842696641,-23.996815911881452,841.1500244140625,0.0
2003-03-31,2003,3,-18.913270637408573,2.4121801543715016,8.234019501625145,5.9,0.8047899159663752,-26.077446914538015,848.1799926757812,0.0
2003-04-30,2003,4,-7.5268817204301115,1.3320436491391918,8.119658119658112,6.0,1.714874511991089,-14.857190367540529,916.9199829101562,0.0
2003-05-31,2003,5,-4.953560371517041,0.8318371173593464,10.224948875255624,6.1,1.4758495821726996,-9.703505291860193,963.5900268554688,0.0
2003-06-30,2003,6,-2.922077922077926,0.26975858521745,24.660397074190186,6.3,1.591224944320703,-1.547756886187146,974.5,0.0
2003-07-31,2003,7,3.178206583427934,0.7873610257387975,22.17573221757323,6.2,2.4344444444444564,8.631886406933265,990.3099975585938,1.0
2003-08-31,2003,8,1.9406392694063967,0.2921499345426515,18.934911242603558,6.1,2.2339335180055393,10.036351120146048,1008.010009765625,1.0
2003-09-30,2003,9,1.8583042973286945,1.0939287174877688,8.333333333333325,6.1,1.5816814159292178,22.162929903003146,995.969970703125,1.0
2003-10-31,2003,10,11.166253101736977,1.506746075713572,13.717693836978139,6.0,2.288057395143472,18.62242022142333,1050.7099609375,1.0
2003-11-30,2003,11,11.282660332541571,1.9040001571299259,6.73828125,5.8,2.4116253443526086,13.018119418900408,1058.199951171875,1.0
2003-12-31,2003,12,6.805074971164937,2.5424762549465463,7.729007633587792,5.7,2.234796479647975,26.38039993281984,1111.9200439453125,1.0
2004-01-31,2004,1,25.970873786407743,1.5886453423633595,16.616616616616618,5.7,2.133713033953991,32.18768128393372,1131.1300048828125,1.0
2004-02-29,2004,2,18.1476846057572,2.45180220223713,23.82478632478633,5.6,2.3015468409586193,36.11602070674667,1144.93994140625,1.0
2004-03-31,2004,3,23.453608247422686,2.2884823186991365,27.727727727727736,5.8,2.1199238716693967,32.77959521122498,1126.2099609375,1.0
2004-04-30,2004,4,9.534883720930232,3.374382560953948,17.193675889328052,5.6,2.2374235807860128,20.762996713599048,1107.300048828125,1.0
2004-05-31,2004,5,-2.062975027144398,4.052726451380884,15.120593692022254,5.6,1.7622416621104557,16.302579154758213,1120.6800537109375,1.0
2004-06-30,2004,6,6.577480490523957,2.7889920272416324,-1.0896898575020963,5.6,1.4523320589841608,17.069262782997697,1140.8399658203125,1.0
2004-07-31,2004,7,6.380638063806376,3.2878007946904653,-6.849315068493156,5.5,1.560424605334772,11.250009938220318,1101.719970703125,1.0
2004-08-31,2004,8,7.3908174692049355,4.169536180982947,-2.570480928689889,5.4,1.5825745257452724,9.546530246373708,1104.239990234375,1.0
2004-09-30,2004,9,7.411630558722915,3.330102779213995,7.338638373121142,5.4,1.600831982712048,11.908992122305385,1114.5799560546875,1.0
2004-10-31,2004,10,2.34375,4.325722845081925,14.073426573426584,5.5,0.8590859924283452,7.565359917540881,1130.199951171875,1.0
2004-11-30,2004,11,-0.9605122732123883,3.3554344846491224,7.868252516010976,5.4,0.7383783783783935,10.926100968833662,1173.8199462890625,1.0
2004-12-31,2004,12,4.859611231101502,4.288860429850572,10.008857395925608,5.4,0.8976819407008128,8.993452410946755,1211.9200439453125,1.0
2005-01-31,2005,1,-7.996146435452789,5.033102497085484,3.2618025751072866,5.3,1.2951261406333963,4.432736682078575,1181.27001953125,1.0
2005-02-28,2005,2,-0.31779661016950733,5.209348080909382,13.80500431406384,5.4,1.3069737546866609,5.123415828051159,1203.5999755859375,1.0
2005-03-31,2005,3,-3.3402922755741193,4.737386333504068,4.0752351097178785,5.2,1.2931587386424264,4.828584968076877,1180.5899658203125,1.0
2005-04-30,2005,4,-6.900212314225051,4.819774544381605,6.2394603709949426,5.2,0.8482070437566742,4.474841919338135,1156.8499755859375,1.0
2005-05-31,2005,5,-3.658536585365846,4.349677025047671,3.6261079774375427,5.1,1.1307120085015852,6.319372425212211,1191.5,1.0
2005-06-30,2005,6,0.4184100418409997,5.424299664790455,7.966101694915251,5.0,1.398973001588145,4.425685612974695,1191.3299560546875,1.0
2005-07-31,2005,7,-0.20682523267838704,4.128100469635765,27.665441176470583,5.0,1.2128397673188793,12.02302640690771,1234.1800537109375,1.0
2005-08-31,2005,8,-7.090719499478637,4.229687650611247,6.808510638297882,4.9,0.3730655391120479,10.513110089019007,1220.3299560546875,1.0
2005-09-30,2005,9,-18.365180467091292,2.9325034308845366,2.471169686985175,5.0,-0.4018335089568055,10.248713151401567,1228.81005859375,1.0
2005-10-31,2005,10,-19.083969465648853,3.4052674324167587,2.3754789272030674,5.0,0.2198951781970644,6.7961477536879755,1207.010009765625,1.0
2005-11-30,2005,11,-12.06896551724138,4.382609632582701,2.968617472434265,5.0,1.151450182576947,6.445625193103988,1249.47998046875,1.0
2005-12-31,2005,12,-5.767250257466527,3.6584852050332017,-0.24154589371980784,4.9,1.0514501825769464,3.0010226581274946,1248.2900390625,1.0
2006-01-31,2006,1,-4.502617801047116,3.8110515696349268,-2.4106400665004135,4.7,0.5112108559498836,8.364720587986074,1280.0799560546875,1.0
2006-02-28,2006,2,-7.863974495217841,2.594406210060085,-19.560272934040945,4.8,0.9117463617463697,6.402464286877008,1280.6600341796875,1.0
2006-03-31,2006,3,-3.995680345572339,3.0016461164767305,-15.963855421686745,4.7,1.4420818228896986,9.679908571598727,1294.8699951171875,1.0
2006-04-30,2006,4,-0.34207525655644,2.939371724355788,-10.873015873015868,4.7,1.4561641713990694,13.291266197913565,1310.6099853515625,1.0
2006-05-31,2006,5,-8.975834292289997,2.448024171234442,-15.552099533437014,4.6,1.1427272727272708,6.595884668091689,1270.0899658203125,1.0
2006-06-30,2006,6,-11.562499999999998,2.5489356773443106,-15.698587127158559,4.6,0.9682756840474829,6.620331732308671,1270.199951171875,1.0
2006-07-31,2006,7,-12.2279792746114,2.627565021999989,-30.52555795536357,4.7,0.8853309389430466,3.4419597319711226,1276.6600341796875,1.0
2006-08-31,2006,8,-7.968574635241299,2.8785280464488805,-17.529880478087644,4.7,0.8134319224885171,6.841591474513753,1303.8199462890625,1.0
2006-09-30,2006,9,11.05331599479844,4.179874647490567,-18.327974276527325,4.5,2.627927565392363,8.71085944028518,1335.8499755859375,1.0
2006-10-31,2006,10,26.145552560646877,2.156381486676029,-29.56586826347305,4.4,3.203671521848303,14.161434475080782,1377.93994140625,1.0
2006-11-30,2006,11,12.867647058823529,1.3475582764117089,-17.38056013179572,4.5,2.491297324583533,12.097034508496707,1400.6300048828125,1.0
2006-12-31,2006,12,0.21857923497268228,2.776442224286413,-19.45117029862793,4.4,2.1860222110045537,13.619431738260701,1418.300048828125,1.0
2007-01-31,2007,1,6.25,1.6138154484443668,-24.105621805792165,4.6,2.754234821876577,12.35548087692504,1438.239990234375,1.0
2007-02-28,2007,2,5.305651672433664,2.27323613860555,-21.960414703110274,4.5,2.1397392176529717,9.85116336438072,1406.8199462890625,1.0
2007-03-31,2007,3,-0.5624296962879693,3.2463385285410595,-25.358422939068102,4.4,1.8518027040560732,9.7299335616293,1420.8599853515625,1.0
2007-04-30,2007,4,-0.3432494279176357,3.5553072383907036,-21.015138023152268,4.5,2.0370752366716474,13.10534878303644,1482.3699951171875,1.0
2007-05-31,2007,5,11.63084702907713,3.718642497363267,-22.467771639042354,4.4,2.1901142573273873,20.51272242975375,1530.6199951171875,1.0
2007-06-30,2007,6,0.4711425206124664,3.747914197013724,-26.163873370577285,4.6,2.3372348860257732,18.355379733636457,1503.3499755859375,1.0
2007-07-31,2007,7,6.729634002361284,4.065934282399319,-19.378238341968913,4.7,2.4621094135041925,13.99041096060687,1455.27001953125,1.0
2007-08-31,2007,8,1.7073170731707332,2.998290097220191,-32.463768115942024,4.6,2.642551521099124,13.05165214181998,1473.989990234375,1.0
2007-09-30,2007,9,-2.3419203747072626,3.2638362839806145,-32.48031496062992,4.7,1.7561735700197314,14.290528719763529,1526.75,1.0
2007-10-31,2007,10,-13.568376068376054,3.594204319792116,-22.741764080765147,4.7,0.8693016344725244,12.441766025128809,1549.3800048828125,1.0
2007-11-30,2007,11,-17.372421281216067,4.0519908373592095,-36.09172482552343,4.7,-0.40326732673266585,5.748128305473577,1481.1400146484375,1.0
2007-12-31,2007,12,-17.666303162486376,2.6484841002214488,-37.97595190380761,5.0,-0.06881339241753182,3.5295730663479574,1468.3599853515625,1.0
2008-01-31,2008,1,-19.091847265221872,2.797885130282096,-29.629629629629626,5.0,-0.624695655165981,-4.150207323641652,1378.550048828125,0.0
2008-02-29,2008,2,-22.453450164293542,1.6833062008625888,-28.3816425120773,4.9,-0.612959270611968,-5.415756409142858,1330.6300048828125,0.0
2008-03-31,2008,3,-21.38009049773756,0.3840579155894863,-35.77430972388955,5.1,-0.5249035501344341,-6.908494516818964,1322.699951171875,0.0
2008-04-30,2008,4,-28.128587830080363,-1.2903164523896615,-39.57158962795941,5.0,-0.13376097598881254,-6.528736389407563,1385.5899658203125,0.0
2008-05-31,2008,5,-32.276330690826725,-1.7786884311124074,-40.142517814726844,5.4,-0.02841382312399343,-8.508969610344309,1400.3800048828125,0.0
2008-06-30,2008,6,-33.88042203985931,-2.864759351505275,-38.587641866330394,5.6,-0.9459661059478641,-14.856818386476235,1280.0,0.0
2008-07-31,2008,7,-32.30088495575222,-3.955532672847528,-38.688946015424165,5.8,-1.5075120783418372,-12.911007038333533,1267.3800048828125,0.0
2008-08-31,2008,8,-24.460431654676263,-4.986073903177579,-37.768240343347635,6.1,-1.4780171620912386,-12.968882790668868,1282.8299560546875,0.0
2008-09-30,2008,9,-15.707434052757808,-8.683613730960083,-36.88046647230321,6.1,-1.103319875136075,-23.605044352280167,1166.3599853515625,0.0
2008-10-31,2008,10,-28.80098887515451,-9.063818185948946,-45.942228335625856,6.5,0.278942110043487,-37.4749901930436,968.75,0.0
2008-11-30,2008,11,-27.33245729303547,-11.844386424942444,-39.31357254290172,6.8,1.8300825293833154,-39.489853668756226,896.239990234375,0.0
2008-12-31,2008,12,-20.397350993377483,-15.016885891964115,-39.09531502423263,7.3,2.272228002553859,-38.485793060906715,903.25,0.0
2009-01-31,2009,1,-21.938775510204078,-17.611137791086374,-46.411483253588514,7.8,2.9835860190221273,-40.09067675236928,825.8800048828125,0.0
2009-02-28,2009,2,-20.48022598870056,-17.01335999135005,-37.268128161888704,8.3,3.0115368593284892,-44.756241467724344,735.0900268554688,0.0
2009-03-31,2009,3,-17.55395683453238,-18.100143530234213,-36.63551401869158,8.7,3.1564787676623838,-39.678685675440065,797.8699951171875,0.0
2009-04-30,2009,4,3.9936102236421522,-17.782561459457014,-37.126865671641795,9.0,3.7363244243767064,-37.00806017010502,872.8099975585938,0.0
2009-05-31,2009,5,14.88294314381271,-18.187649972908126,-25.396825396825395,9.4,4.485761495855172,-34.364957265627794,919.1400146484376,0.0
2009-06-30,2009,6,25.531914893617014,-17.786221898231346,-19.30184804928131,9.5,4.759174618210915,-28.178124427795414,919.3200073242188,0.0
2009-07-31,2009,7,7.843137254901955,-15.427640071659287,-13.83647798742138,9.5,5.478761003762277,-22.084932958993875,987.47998046875,0.0
2009-08-31,2009,8,4.285714285714293,-13.28795817791162,-3.9080459770114984,9.6,4.883835566326763,-20.43996242057835,1020.6199951171876,0.0
2009-09-30,2009,9,4.551920341394022,-9.157501573525028,-10.854503464203235,9.8,4.687942862886472,-9.36932256501718,1057.0799560546875,0.0
2009-10-31,2009,10,22.569444444444443,-8.627585287957451,0.7633587786259444,10.0,3.6339682942003386,6.96154233870967,1036.18994140625,1.0
2009-11-30,2009,11,21.880650994575056,-5.302604859528904,-3.598971722365041,9.9,1.2954128255290724,22.247390969052283,1095.6300048828125,1.0
2009-12-31,2009,12,20.63227953410982,-2.0932294845598,-6.6312997347480085,9.9,1.0358768767916327,23.45419048834072,1115.0999755859375,1.0
2010-01-31,2010,1,21.568627450980404,2.3539765356679565,2.678571428571419,9.8,1.0088886110232842,30.027363390346686,1073.8699951171875,1.0
2010-02-28,2010,2,30.728241563055047,2.363071352731483,-9.677419354838712,9.8,1.4586636421334709,50.25234323462486,1104.489990234375,1.0
2010-03-31,2010,3,28.446771378708547,5.574769452617145,12.389380530973447,9.9,1.5538285606720112,46.56899756446875,1169.4300537109375,1.0
2010-04-30,2010,4,10.906298003072212,7.212882203401727,25.222551928783375,9.9,1.4832292474695596,35.96200143509296,1186.68994140625,1.0
2010-05-31,2010,5,7.132459970887917,9.775920203134781,-25.531914893617024,9.6,1.3064510707814319,18.52492730352693,1089.4100341796875,1.0
2010-06-30,2010,6,7.344632768361592,10.007479945802999,-22.391857506361323,9.4,1.8484394059313733,12.116559274881201,1030.7099609375,1.0
2010-07-31,2010,7,2.7272727272727337,8.732385504321627,-31.143552311435517,9.4,1.5992215195178923,11.55668948984825,1101.5999755859375,1.0
2010-08-31,2010,8,4.87062404870624,7.664478570203137,-32.535885167464116,9.5,1.3198224604887456,2.8129922081531866,1049.3299560546875,1.0
2010-09-30,2010,9,-7.210884353741498,6.674689239268683,-17.87564766839378,9.5,1.4116877527668223,7.957770330935654,1141.199951171875,1.0
2010-10-31,2010,10,-4.107648725212454,6.703055201430019,-26.515151515151516,9.4,1.4633048510685374,14.19335031951585,1183.260009765625,1.0
2010-11-30,2010,11,6.2314540059347,5.7374110452688365,-23.46666666666667,9.8,1.725455223399662,7.750795758317652,1180.550048828125,1.0
2010-12-31,2010,12,2.758620689655178,6.469511361878166,-7.386363636363635,9.3,1.862206977782063,12.782713853760175,1257.6400146484375,1.0
2011-01-31,2011,1,-0.26881720430107503,5.393611236113127,-11.014492753623184,9.1,1.7192165084970226,19.764962329247115,1286.1199951171875,1.0
2011-02-28,2011,2,5.2989130434782705,5.558936133866421,-19.64285714285714,9.0,1.2951018266668548,20.16586681980579,1327.219970703125,1.0
2011-03-31,2011,3,-8.288043478260864,4.871960945004017,-21.259842519685034,9.0,0.8507584896458913,13.37402795895728,1325.8299560546875,1.0
2011-04-30,2011,4,-3.3240997229917024,3.3171982087609964,-26.54028436018957,9.1,0.24276555521313048,14.908700054848278,1363.6099853515625,1.0
2011-05-31,2011,5,0.9510869565217517,1.965078910199991,8.92857142857142,9.0,-0.40897188089649994,23.479673306368444,1345.199951171875,1.0
2011-06-30,2011,6,-5.921052631578949,2.1151688934721635,-1.3114754098360604,9.1,-0.3223181506360411,28.129159967293482,1320.6400146484375,1.0
2011-07-31,2011,7,-6.047197640117985,2.1162960907084916,4.593639575971742,9.0,-0.7598809769996167,17.30937345105834,1292.280029296875,1.0
2011-08-31,2011,8,-19.01306240928884,2.3871399665473136,6.028368794326244,9.0,-1.5249960307080799,16.158888595086786,1218.8900146484375,1.0
2011-09-30,2011,9,-12.756598240469208,2.553477421119199,-4.100946372239744,9.0,-1.8926216928186852,-0.8569845465310144,1131.4200439453125,0.0
2011-10-31,2011,10,-10.192023633678005,3.067420469044446,8.59106529209621,8.8,-1.3522681306640525,5.919243317990031,1253.300048828125,1.0
2011-11-30,2011,11,-11.033519553072612,2.730160354936828,14.28571428571428,8.6,-1.3714322145817288,5.625336441711792,1246.9599609375,1.0
2011-12-31,2011,12,-6.17449664429529,2.877127031034865,4.601226993865026,8.5,-1.1720668384193862,-0.0031836663936912757,1257.5999755859375,0.0
2012-01-31,2012,1,1.0781671159029615,3.717567434414426,9.12052117263844,8.3,-1.1787663379855022,2.0441357853319575,1312.4100341796875,1.0
2012-02-29,2012,2,-2.83870967741936,4.0108860863927065,35.555555555555564,8.3,-0.9181784423473878,2.8977926686438726,1365.6800537109375,1.0
2012-03-31,2012,3,12.888888888888882,2.7332844577860227,17.999999999999993,8.2,-0.35287528133209767,6.2330779502336675,1408.469970703125,1.0
2012-04-30,2012,4,9.455587392550147,3.919801352493657,14.193548387096765,8.2,-0.32316337413485674,2.515385571870965,1397.9100341796875,1.0
2012-05-31,2012,5,6.729475100942128,3.5966092131941796,21.311475409836067,8.2,-0.1479429374660748,-2.592179332656863,1310.3299560546875,0.0
2012-06-30,2012,6,2.3776223776223793,3.8411211008399837,19.60132890365449,8.2,0.016129551702365852,3.143931659703858,1362.1600341796875,1.0
2012-07-31,2012,7,13.500784929356357,3.070615445318481,24.662162162162172,8.2,0.09248852015352171,6.735375848804659,1379.3199462890625,1.0
2012-08-31,2012,8,33.15412186379929,2.4899386132677614,25.4180602006689,8.1,-0.11593491548212342,15.39843128999503,1406.5799560546875,1.0
2012-09-30,2012,9,31.596638655462183,2.0043770878928058,26.644736842105267,7.8,-0.29971689828196135,27.332908026061787,1440.6700439453125,1.0
2012-10-31,2012,10,35.85526315789473,1.2581398384359899,13.291139240506332,7.8,-0.4356780595369363,12.675335447413527,1412.1600341796875,1.0
2012-11-30,2012,11,29.82731554160125,2.0878872233673906,19.512195121951216,7.7,-0.17601970339262607,13.570611573302882,1416.1800537109375,1.0
2012-12-31,2012,12,4.29184549356223,2.1733840617814693,17.00879765395895,7.9,0.020495020310447698,13.40569092662105,1426.18994140625,1.0
2013-01-31,2013,1,-1.6000000000000014,1.0011941597517948,33.134328358208954,8.0,0.3359382379017011,14.149537593862238,1498.1099853515625,1.0
2013-02-28,2013,2,3.054448871181936,1.0125621982880917,22.131147540983598,7.7,-0.12814049025748075,10.910315311051445,1514.6800537109375,1.0
2013-03-31,2013,3,3.149606299212593,1.4966757011801501,25.423728813559322,7.5,0.35125275887538177,11.410961827101772,1569.18994140625,1.0
2013-04-30,2013,4,0.0,0.5865803352730126,24.576271186440678,7.6,0.561191952423133,14.28274404128862,1597.5699462890625,1.0
2013-05-31,2013,5,6.557377049180335,1.1996079499269285,15.67567567567567,7.5,0.7696111720802916,24.452622234511058,1630.739990234375,1.0
2013-06-30,2013,6,14.890710382513639,1.0716027803747918,30.555555555555557,7.5,0.8042064728431275,17.921535575238057,1606.280029296875,1.0
2013-07-31,2013,7,17.70401106500692,0.38037175841505455,1.6260162601626105,7.3,0.7145281945841941,22.214572841062473,1685.72998046875,1.0
2013-08-31,2013,8,10.497981157469717,1.3289700176618569,1.6000000000000014,7.2,1.2411905113997208,16.095069012887,1632.969970703125,1.0
2013-09-30,2013,9,-1.0217113665389466,1.5972574677735274,4.675324675324677,7.2,1.5452658918252005,16.71999816301839,1681.550048828125,1.0
2013-10-31,2013,10,-11.38014527845035,1.960696049655275,24.022346368715077,7.2,1.6932008565088528,24.386754797437682,1756.5400390625,1.0
2013-11-30,2013,11,-9.189842805320447,1.3373621614147568,13.77551020408163,6.9,1.5171298038045542,27.512744856265403,1805.81005859375,1.0
2013-12-31,2013,12,13.168724279835375,0.4068826952749349,8.521303258145373,6.7,1.5271616332426703,29.601249573324353,1848.3599853515625,1.0
2014-01-31,2014,1,10.027100271002709,-0.4735358014102853,-0.6726457399103158,6.6,1.112241204425085,18.989258682632105,1782.5899658203125,1.0
2014-02-28,2014,2,5.154639175257736,0.007047187970665725,-6.040268456375841,6.7,1.5395253652275054,22.761895927543097,1859.449951171875,1.0
2014-03-31,2014,3,1.781170483460559,0.9964341116505793,-8.783783783783782,6.7,1.1173050860591958,19.318886542338575,1872.3399658203125,1.0
2014-04-30,2014,4,10.07853403141359,1.3252249647718761,-8.616780045351469,6.2,0.654874696393831,17.925975982963017,1883.949951171875,1.0
2014-05-31,2014,5,-3.076923076923066,1.3222487500617275,5.3738317757009435,6.3,0.31305231292018787,17.956875885076016,1923.5699462890625,1.0
2014-06-30,2014,6,-1.9024970273483932,1.4008857965885246,-11.063829787234047,6.1,0.4710183054055803,22.035382667791193,1960.22998046875,1.0
2014-07-31,2014,7,-3.8777908343125667,2.760633836173443,7.200000000000006,6.2,0.6057621296694027,14.530207465874945,1930.6700439453125,1.0
2014-08-31,2014,8,0.4872107186358221,1.351067285826213,19.685039370078748,6.1,0.6349016517030939,22.682598642923946,2003.3699951171875,1.0
2014-09-30,2014,9,9.16129032258064,1.3663932003996404,16.62531017369726,5.9,0.8359490288767923,17.289999214533758,1972.2900390625,1.0
2014-10-31,2014,10,18.715846994535525,1.102823130889874,7.2072072072072,5.7,0.7404582978486709,14.887790995370542,2018.050048828125,1.0
2014-11-30,2014,11,18.242343541944074,1.8164361132180007,-0.8968609865470878,5.8,0.9484750106792021,14.494879943455086,2067.56005859375,1.0
2014-12-31,2014,12,13.454545454545453,1.7991298326299754,14.780600461893755,5.6,1.5168786080376808,11.390633786748117,2058.89990234375,1.0
2015-01-31,2015,1,20.8128078817734,2.3366698846603473,16.252821670428897,5.7,1.9099309782054281,11.91524851405299,1994.989990234375,1.0
2015-02-28,2015,2,16.91176470588236,0.5934320809684923,28.57142857142858,5.5,2.0870314629352054,13.178631060959066,2104.5,1.0
2015-03-31,2015,3,16.250000000000007,0.0010971124001724064,18.518518518518512,5.4,1.9620312844238734,10.444146379802222,2067.889892578125,1.0
2015-04-30,2015,4,14.030915576694426,-0.009277955577546848,24.56575682382134,5.4,2.1540309893939105,10.69880112623871,2085.510009765625,1.0
2015-05-31,2015,5,10.744810744810751,-0.3027744042237268,11.308203991130817,5.6,2.0849667817557043,9.556187267517192,2107.389892578125,1.0
2015-06-30,2015,6,16.48484848484848,-0.9925454974526904,14.832535885167463,5.3,2.1704281902449476,5.248370241155231,2063.110107421875,1.0
2015-07-31,2015,7,13.814180929095343,-0.7503323788852767,25.87064676616915,5.2,1.9743138889590544,8.969427193858603,2103.840087890625,1.0
2015-08-31,2015,8,11.393939393939402,-0.4825917648786704,13.596491228070185,5.1,1.9686962014655132,-1.5568737418584444,1972.1800537109373,0.0
2015-09-30,2015,9,3.073286052009472,-0.8042828981552286,-2.9787234042553234,5.0,2.05115703836583,-2.6497121990468497,1920.030029296875,0.0
2015-10-31,2015,10,3.5673187571921616,-0.8562794321243627,1.2605042016806678,5.0,2.032383439329493,3.0380841460970087,2079.360107421875,1.0
2015-11-30,2015,11,2.8153153153153143,-1.8486712644493641,14.027149321266963,5.1,1.7736817830814813,0.62149844026127,2080.409912109375,1.0
2015-12-31,2015,12,-1.0683760683760646,-1.9282601527127574,9.859154929577475,5.0,1.631275248463521,-0.7265997205823549,2043.93994140625,0.0
2016-01-31,2016,1,-6.218144750254839,-0.9296515345903589,-1.9417475728155331,4.8,0.7024974973056124,-2.744374671953509,1940.239990234375,0.0
2016-02-29,2016,2,-3.8784067085953944,-0.523983031596098,-4.259259259259263,4.9,0.8927224209873381,-8.185793277797583,1932.22998046875,0.0
2016-03-31,2016,3,-2.1505376344086002,-0.9034122813404211,10.83333333333334,5.0,0.8883839034478054,-0.3941168421491281,2059.739990234375,0.0
2016-04-30,2016,4,-7.1949947862356645,-1.0385290382057821,14.741035856573713,5.1,0.6573742496465158,-0.9690656406761256,2065.300048828125,0.0
2016-05-31,2016,5,4.4101433296582115,-1.1128127104482188,13.745019920318736,4.8,0.7615235378753777,-0.49539676749033035,2096.949951171875,0.0
2016-06-30,2016,6,-2.7055150884495283,-0.4636918282076907,16.041666666666664,4.9,0.4107134652040576,1.7328207482185443,2098.860107421875,1.0
2016-07-31,2016,7,-3.329752953813103,-1.1365930451922246,24.110671936758887,4.8,0.5916366569481744,3.315841834517408,2173.60009765625,1.0
2016-08-31,2016,8,-2.2850924918389692,-1.1889459833808846,11.003861003860994,4.9,0.5246841404343137,10.078689168715794,2170.949951171875,1.0
2016-09-30,2016,9,4.587155963302747,-0.7405297066570782,22.36842105263157,5.0,0.05135537983478189,12.92896394569838,2168.27001953125,1.0
2016-10-31,2016,10,-3.111111111111109,-0.4556615851857959,19.29460580912863,4.9,0.15407503375635412,2.2502016247627266,2126.14990234375,1.0
2016-11-30,2016,11,2.7382256297918905,-0.24134704580776045,13.29365079365079,4.7,0.6856665280211063,5.6911931535803095,2198.81005859375,1.0
2016-12-31,2016,12,6.047516198704117,0.06563641653354324,2.7472527472527375,4.7,0.39920108848801394,9.535022667283656,2238.830078125,1.0
2017-01-31,2017,1,7.065217391304346,-0.17801263328395267,13.465346534653456,4.7,-0.06039334825711151,17.453002136721206,2278.8701171875,1.0
2017-02-28,2017,2,5.016357688113415,0.10794410245937858,13.539651837524168,4.6,-0.4503616813294209,22.327047839549465,2363.639892578125,1.0
2017-03-31,2017,3,6.483516483516483,-0.19323963224082696,18.796992481203013,4.4,-0.041196236559140065,14.709622666221778,2362.719970703125,1.0
2017-04-30,2017,4,8.98876404494382,1.1324018978216888,3.819444444444442,4.4,0.11377652808460503,15.440850956484375,2384.199951171875,1.0
2017-05-31,2017,5,2.5343189017951406,1.0355428074469541,11.208406304728546,4.4,0.3536568332380243,15.014669161765015,2411.800048828125,1.0
2017-06-30,2017,6,1.6042780748663166,0.7861125812222536,11.131059245960495,4.3,0.6694341900408731,15.46314609248347,2423.409912109375,1.0
2017-07-31,2017,7,3.777777777777791,0.3871765983985753,-8.917197452229297,4.3,0.5748926493433926,13.650162764153384,2470.300048828125,1.0
2017-08-31,2017,8,7.795100222717144,0.5173085423525015,-3.304347826086962,4.4,0.19187844270302,13.851077083078668,2471.64990234375,1.0
2017-09-30,2017,9,4.2763157894736725,0.3490584184410839,14.157706093189958,4.3,0.1494347696288214,16.1921755467765,2519.360107421875,1.0
2017-10-31,2017,10,15.481651376146788,1.2604142050511191,8.869565217391306,4.2,0.35924224686751494,21.123162902427573,2575.260009765625,1.0
2017-11-30,2017,11,5.010660980810244,1.4509818129121,24.518388791593694,4.2,0.24750613570443392,20.409676487393426,2647.580078125,1.0
2017-12-31,2017,12,-2.3421588594704668,1.1683063330794718,12.299465240641716,4.1,0.2700692804477467,19.419965523287928,2673.610107421875,1.0
2018-01-31,2018,1,-2.8426395939086246,0.5536667115169536,2.9668411867364686,4.0,0.5686811319360552,23.91272487608005,2823.81005859375,1.0
2018-02-28,2018,2,3.530633437175501,1.6844436673078222,5.28109028960817,4.1,0.6065310689081391,14.815716499221354,2713.830078125,1.0
2018-03-31,2018,3,4.643962848297223,1.9523730291983732,7.436708860759489,4.0,0.4090502353500636,11.772455048983232,2640.8701171875,1.0
2018-04-30,2018,4,1.855670103092777,1.5097108381367574,7.35785953177257,4.0,0.47900369789470076,11.066609473193022,2648.050048828125,1.0
2018-05-31,2018,5,0.9268795056642798,0.8114355899284664,4.251968503937009,3.8,0.0480783921575032,12.168088761990026,2705.27001953125,1.0
2018-06-30,2018,6,3.368421052631576,1.5118434726876906,2.746365105008075,4.0,0.042449306405981435,12.171288216832732,2718.3701171875,1.0
2018-07-31,2018,7,4.817987152034253,1.9007604444627013,9.790209790209792,3.8,0.10587521443807102,14.005990502996092,2816.2900390625,1.0
2018-08-31,2018,8,-0.619834710743794,2.4248411684858917,6.654676258992809,3.8,0.21707614312574242,17.392030998398035,2901.52001953125,1.0
2018-09-30,2018,9,5.257623554153512,2.3911531548348464,-6.593406593406592,3.7,0.7179448941911719,15.663496134766518,2913.97998046875,1.0
2018-10-31,2018,10,-2.0854021847070636,0.8482882789837776,-11.501597444089462,3.8,0.657967529781947,5.299658285035491,2711.739990234375,1.0
2018-11-30,2018,11,-1.0152284263959421,0.4652362388278819,-12.09563994374121,3.8,0.8626714223322267,4.2525566905510015,2760.169921875,1.0
2018-12-31,2018,12,2.502606882168923,1.053781960509781,-13.33333333333333,3.9,0.6876190956598935,-6.2372598496206795,2506.85009765625,0.0
2019-01-31,2019,1,-4.702194357366773,0.6153262367438295,0.16949152542373724,4.0,1.0793227088431676,-4.239306414154331,2704.10009765625,0.0
2019-02-28,2019,2,-5.917753259779346,-0.9463684986579235,3.2362459546925626,3.8,1.2099361998004219,2.6036969918984187,2784.489990234375,1.0
2019-03-31,2019,3,-2.9585798816568087,-1.1430962210665196,3.8291605301914666,3.8,0.5568644947250725,7.328258360632933,2834.39990234375,1.0
2019-04-30,2019,4,-1.6194331983805599,-2.4570586791063165,8.255451713395633,3.6,0.5182085466396522,11.245256842054596,2945.830078125,1.0
2019-05-31,2019,5,2.0408163265306145,-1.5581029774327737,-9.063444108761331,3.7,0.34648186545026816,1.729588496700507,2752.06005859375,1.0
2019-06-30,2019,6,0.0,-1.8689364547837095,19.968553459119498,3.6,0.35031750711105136,8.217787973966196,2941.760009765625,1.0
2019-07-31,2019,7,0.5107252298263587,-2.54469790685371,6.52866242038217,3.7,0.2402425024083059,5.8264540041700785,2980.3798828125,1.0
2019-08-31,2019,8,-6.652806652806653,-2.183740844716997,21.416526138279934,3.7,-0.2467804166683365,0.8595474523136026,2926.4599609375,1.0
2019-09-30,2019,9,-6.893106893106882,-2.8356803094146676,20.168067226890752,3.5,-0.03661736365007484,2.1537556944893455,2976.739990234375,1.0
2019-10-31,2019,10,-3.144016227180524,-3.291249430089882,30.14440433212997,3.6,-0.07918329561819304,12.015166259771615,3037.56005859375,1.0
2019-11-30,2019,11,-0.7179487179487243,-2.146665613459986,13.59999999999999,3.6,-0.2822025859679871,13.796616490011715,3140.97998046875,1.0
2019-12-31,2019,12,1.0172939979654183,-2.4308880126509003,26.923076923076916,3.6,-0.39398877226853823,28.878070225158446,3230.780029296875,1.0
2020-01-31,2020,1,9.42982456140351,-1.8327044349740196,15.905245346869723,3.5,-0.990415482870233,19.28256732533442,3225.52001953125,1.0
2020-02-29,2020,2,7.6759061833688635,-1.093593483735289,9.561128526645767,3.5,-1.2093151798896118,6.095550031209251,2954.219970703125,1.0
2020-03-31,2020,3,-9.45121951219513,-5.3423367808306255,-13.617021276595743,4.4,-0.8428674833400269,-8.813499261221347,2584.590087890625,0.0
2020-04-30,2020,4,-26.131687242798364,-19.513084066043053,-18.1294964028777,14.7,0.2947954437700723,-1.133811034533061,2912.429931640625,0.0
2020-05-31,2020,5,-27.700000000000003,-15.99376553961388,15.614617940199338,13.2,0.42359081828509615,10.619317666684003,3044.31005859375,1.0
2020-06-30,2020,6,-20.468431771894103,-9.780113065238517,22.67365661861074,11.0,-0.05602412613311902,5.388951810161613,3100.2900390625,1.0
2020-07-31,2020,7,-26.321138211382124,-5.897523863338239,52.31689088191332,10.2,-0.464138490721006,9.755140143431529,3271.1201171875,1.0
2020-08-31,2020,8,-17.483296213808465,-5.281601927251078,42.91666666666667,8.4,-0.5890732995129973,19.609019269561976,3500.31005859375,1.0
2020-09-30,2020,9,-13.733905579399142,-4.710799158292289,38.18181818181819,7.9,-0.6814811450580955,12.975940493049665,3363.0,1.0
2020-10-31,2020,10,-14.345549738219898,-3.055327017538134,42.441054091539534,6.9,-0.30253486961794607,7.650874315595924,3269.9599609375,1.0
2020-11-30,2020,11,-20.55785123966941,-3.322169965056876,21.54929577464788,6.7,-0.3275581742648378,15.302545872069494,3621.6298828125,1.0
2020-12-31,2020,12,-18.731117824773413,-2.729170658894009,25.974025974025984,6.7,-0.39203730627651334,16.258923055706177,3756.070068359375,1.0
2021-01-31,2021,1,-20.841683366733466,-1.417225077746198,31.53284671532848,6.3,-0.28478144048918996,15.151664467863025,3714.239990234375,1.0
2021-02-28,2021,2,-23.96039603960396,-5.654519025431459,9.4420600858369,6.2,-0.25335925445903706,29.006977819484092,3811.14990234375,1.0
2021-03-31,2021,3,-4.713804713804704,1.8924523874453758,39.573070607553376,6.1,-0.8905186654475898,53.71450626511303,3972.889892578125,1.0
2021-04-30,2021,4,22.980501392757667,20.81981834352613,42.355008787346215,6.1,-2.480546834731286,43.56293610537338,4181.169921875,1.0
2021-05-31,2021,5,14.661134163208867,17.00400057493292,2.7298850574712707,5.8,-3.335034314568456,38.0972956881811,4204.10986328125,1.0
2021-06-30,2021,6,9.47503201024329,8.504824258366096,-23.50427350427351,5.9,-3.831610671398451,38.61606320225206,4297.5,1.0
2021-07-31,2021,7,12.00000000000001,5.819676349864666,-25.4170755642787,5.4,-3.9815055095672145,34.365587571392275,4395.259765625,1.0
2021-08-31,2021,8,-5.128205128205121,4.033038755047902,-32.94460641399417,5.2,-3.8882919382755468,29.207987294652327,4522.68017578125,1.0
2021-09-30,2021,9,-9.452736318407972,3.135232300006674,-24.89878542510121,4.8,-3.863630287391039,28.08623369201606,4307.5400390625,1.0
2021-10-31,2021,10,-12.347188264058673,3.725309374612684,-33.787731256085685,4.5,-4.687753855374462,40.83902976879674,4605.3798828125,1.0
2021-11-30,2021,11,-12.353706111833551,3.9962843708740703,-10.544611819235229,4.2,-5.432387994463482,26.103443691858995,4567.0,1.0
2021-12-31,2021,12,-12.515489467162343,3.2889211467675983,-4.9255441008018375,3.9,-5.674458755509747,26.89273866137125,4766.18017578125,1.0
2022-01-31,2022,1,-14.936708860759495,1.5893787086016076,-10.099889012208651,4.0,-5.805278888254331,21.573991356507925,4515.5498046875,1.0
2022-02-28,2022,2,-18.229166666666664,7.166654549031515,1.0457516339869244,3.8,-6.124847176810631,14.766935268444836,4373.93994140625,1.0
2022-03-31,2022,3,-30.03533568904594,4.785275182628634,-16.823529411764703,3.6,-6.1952162588613575,14.03311641516658,4530.41015625,1.0
2022-04-30,2022,4,-26.160815402038494,4.771089776043924,-24.567901234567902,3.6,-5.337772152848089,-1.177654747685286,4131.93017578125,0.0
2022-05-31,2022,5,-29.553679131483722,3.2540541315237093,-11.04895104895105,3.6,-5.652331957503229,-1.711657479886508,4132.14990234375,0.0
2022-06-30,2022,6,-41.52046783625731,2.850002968859733,-21.368715083798882,3.6,-5.9529868901052865,-11.916698480221054,3785.3798828125,0.0
2022-07-31,2022,7,-36.57635467980296,2.0729830264255122,-28.552631578947373,3.5,-5.743182025581012,-6.028533936374103,4130.2900390625,0.0
2022-08-31,2022,8,-17.211948790896148,2.6557159317531775,-7.536231884057976,3.7,-5.077361014402468,-12.551853186991902,3955.0,0.0
2022-09-30,2022,9,-19.505494505494504,3.814993302437286,-23.584905660377352,3.5,-4.384853956529966,-16.759447743453126,3585.6201171875,0.0
2022-10-31,2022,10,-16.457461645746175,2.5101513847400225,-15.147058823529413,3.7,-3.6624926768937067,-15.924851391322436,3871.97998046875,0.0
2022-11-30,2022,11,-15.875370919881304,0.8369095266578697,-24.61139896373057,3.6,-3.455348084575055,-10.661044286799326,4080.110107421875,0.0
2022-12-31,2022,12,-15.29745042492917,-1.309013521788449,-23.373493975903614,3.5,-2.564940492084017,-19.442827203429268,3839.5,0.0
2023-01-31,2023,1,-3.4226190476190466,0.8726059866989155,-19.87654320987654,3.4,-2.827156217821026,-9.720847427606383,4076.60009765625,0.0
2023-02-28,2023,2,6.52866242038217,0.04080598301512417,-19.146183699870633,3.6,-2.066437581251547,-9.231723445491092,3970.14990234375,0.0
2023-03-31,2023,3,4.3771043771043905,-1.4846941957634252,-9.476661951909481,3.5,-1.5069204652974952,-9.294966308410613,4109.31005859375,0.0
2023-04-30,2023,4,-2.300613496932513,-0.6781027747665092,11.12929623567922,3.4,-1.5171915138369783,0.9087715205739144,4169.47998046875,1.0
2023-05-31,2023,5,1.0273972602739656,-0.5000842727263755,11.635220125786173,3.7,-0.48884353928342206,1.1538830126710975,4179.830078125,1.0
2023-06-30,2023,6,28.400000000000002,-0.8021739022241681,21.31438721136767,3.6,0.7179965256100629,17.567589530959093,4450.3798828125,1.0
2023-07-31,2023,7,38.834951456310684,-0.7164377646188713,34.06998158379373,3.5,0.6709245557109322,11.105029369296048,4588.9599609375,1.0
2023-08-31,2023,8,19.243986254295532,-0.8686115984613108,3.7617554858934144,3.8,0.3824962752268686,13.973708122629592,4507.66015625,1.0
2023-09-30,2023,9,15.870307167235499,-0.8763083323940379,26.807760141093475,3.8,0.9000974913923656,19.59018703997495,4288.0498046875,1.0
2023-10-31,2023,10,6.510851419031716,-1.6603133930432445,17.677642980935882,3.9,1.6476442260903879,8.311505375598305,4193.7998046875,1.0
