Date,Year,Month,MY10Y,CPI,CSENT,IPM,HOUSE,UNEMP,SP500
1950-01-31,1950,1,,23.51,,,,6.5,17.049999237060547
1950-02-28,1950,2,,23.61,,,,6.4,17.219999313354492
1950-03-31,1950,3,,23.64,,,,6.3,17.290000915527344
1950-04-30,1950,4,,23.65,,,,5.8,17.959999084472656
1950-05-31,1950,5,,23.77,,,,5.5,18.780000686645508
1950-06-30,1950,6,,23.88,,,,5.4,17.690000534057617
1950-07-31,1950,7,,24.07,,,,5.0,17.84000015258789
1950-08-31,1950,8,,24.2,,,,4.5,18.420000076293945
1950-09-30,1950,9,,24.34,,,,4.4,19.450000762939453
1950-10-31,1950,10,,24.5,,,,4.2,19.530000686645508
1950-11-30,1950,11,,24.6,,,,4.2,19.510000228881836
1950-12-31,1950,12,,24.98,,,,4.3,20.43000030517578
1951-01-31,1951,1,,25.38,,,,3.7,21.65999984741211
1951-02-28,1951,2,,25.83,,,,3.4,21.799999237060547
1951-03-31,1951,3,,25.88,,,,3.4,21.479999542236328
1951-04-30,1951,4,,25.92,,,,3.1,22.43000030517578
1951-05-31,1951,5,,25.99,,,,3.0,21.520000457763672
1951-06-30,1951,6,,25.93,,,,3.2,20.959999084472656
1951-07-31,1951,7,,25.91,,,,3.1,22.399999618530273
1951-08-31,1951,8,,25.86,,,,3.1,23.280000686645508
1951-09-30,1951,9,,26.03,,,,3.3,23.260000228881836
1951-10-31,1951,10,,26.16,,,,3.5,22.940000534057617
1951-11-30,1951,11,,26.32,,,,3.5,22.8799991607666
1951-12-31,1951,12,,26.47,,,,3.1,23.770000457763672
1952-01-31,1952,1,,26.45,,,,3.2,24.139999389648438
1952-02-29,1952,2,,26.41,,,,3.1,23.260000228881836
1952-03-31,1952,3,,26.39,,,,2.9,24.3700008392334
1952-04-30,1952,4,,26.46,,,,2.9,23.31999969482422
1952-05-31,1952,5,,26.47,,,,3.0,23.860000610351562
1952-06-30,1952,6,,26.53,,,,3.0,24.959999084472656
1952-07-31,1952,7,,26.68,,,,3.2,25.399999618530273
1952-08-31,1952,8,,26.69,,,,3.4,25.030000686645508
1952-09-30,1952,9,,26.63,,,,3.1,24.540000915527344
1952-10-31,1952,10,,26.69,,,,3.0,24.520000457763672
1952-11-30,1952,11,,26.69,86.2,,,2.8,25.65999984741211
1952-12-31,1952,12,,26.71,,,,2.7,26.56999969482422
1953-01-31,1953,1,,26.64,,,,2.9,26.3799991607666
1953-02-28,1953,2,,26.59,90.7,,,2.6,25.899999618530273
1953-03-31,1953,3,,26.63,,,,2.6,25.290000915527344
1953-04-30,1953,4,,26.69,,,,2.7,24.6200008392334
1953-05-31,1953,5,,26.7,,,,2.5,24.540000915527344
1953-06-30,1953,6,,26.77,,,,2.5,24.139999389648438
1953-07-31,1953,7,,26.79,,,,2.6,24.75
1953-08-31,1953,8,,26.85,80.8,,,2.7,23.31999969482422
1953-09-30,1953,9,,26.89,,,,2.9,23.350000381469727
1953-10-31,1953,10,,26.95,,,,3.1,24.540000915527344
1953-11-30,1953,11,,26.85,80.7,,,3.5,24.760000228881836
1953-12-31,1953,12,,26.87,,,,4.5,24.809999465942383
1954-01-31,1954,1,,26.94,,,,4.9,26.079999923706055
1954-02-28,1954,2,,26.99,82.0,,,5.2,26.149999618530273
1954-03-31,1954,3,,26.93,,,,5.7,26.940000534057617
1954-04-30,1954,4,,26.86,,,,5.9,28.260000228881836
1954-05-31,1954,5,,26.93,82.9,,,5.9,29.190000534057617
1954-06-30,1954,6,,26.94,,,,5.6,29.209999084472656
1954-07-31,1954,7,,26.86,,,,5.8,30.8799991607666
1954-08-31,1954,8,,26.85,,,,6.0,29.829999923706055
1954-09-30,1954,9,,26.81,,,,6.1,32.310001373291016
1954-10-31,1954,10,,26.72,,,,5.7,31.68000030517578
1954-11-30,1954,11,,26.78,87.0,,,5.3,34.2400016784668
1954-12-31,1954,12,,26.77,,,,5.0,35.97999954223633
1955-01-31,1955,1,,26.77,,,,4.9,36.630001068115234
1955-02-28,1955,2,,26.82,95.9,,,4.7,36.7599983215332
1955-03-31,1955,3,,26.79,,,,4.6,36.58000183105469
1955-04-30,1955,4,,26.79,,,,4.7,37.959999084472656
1955-05-31,1955,5,,26.77,99.1,,,4.3,37.90999984741211
1955-06-30,1955,6,,26.71,,,,4.2,41.029998779296875
1955-07-31,1955,7,,26.76,,,,4.0,43.52000045776367
1955-08-31,1955,8,,26.72,,,,4.2,43.18000030517578
1955-09-30,1955,9,,26.85,,,,4.1,43.66999816894531
1955-10-31,1955,10,,26.82,,,,4.3,42.34000015258789
1955-11-30,1955,11,,26.88,99.7,,,4.2,45.5099983215332
1955-12-31,1955,12,,26.87,,,,4.2,45.47999954223633
1956-01-31,1956,1,,26.83,,,,4.0,43.81999969482422
1956-02-29,1956,2,,26.86,,,,3.9,45.34000015258789
1956-03-31,1956,3,,26.89,,,,4.2,48.47999954223633
1956-04-30,1956,4,,26.93,,,,4.0,48.380001068115234
1956-05-31,1956,5,,27.03,98.2,,,4.3,45.20000076293945
1956-06-30,1956,6,,27.15,,,,4.3,46.970001220703125
1956-07-31,1956,7,,27.29,,,,4.4,49.38999938964844
1956-08-31,1956,8,,27.31,99.9,,,4.1,47.5099983215332
1956-09-30,1956,9,,27.35,,,,3.9,45.349998474121094
1956-10-31,1956,10,,27.51,,,,3.9,45.58000183105469
1956-11-30,1956,11,,27.51,100.2,,,4.3,45.08000183105469
1956-12-31,1956,12,,27.63,,,,4.2,46.66999816894531
1957-01-31,1957,1,,27.67,,,,4.2,44.720001220703125
1957-02-28,1957,2,,27.8,,,,3.9,43.2599983215332
1957-03-31,1957,3,,27.86,,,,3.7,44.11000061035156
1957-04-30,1957,4,,27.93,,,,3.9,45.7400016784668
1957-05-31,1957,5,,28.0,92.9,,,4.1,47.43000030517578
1957-06-30,1957,6,,28.11,,,,4.3,47.369998931884766
1957-07-31,1957,7,,28.19,,,,4.2,47.90999984741211
1957-08-31,1957,8,,28.28,,,,4.1,45.220001220703125
1957-09-30,1957,9,,28.32,,,,4.4,42.41999816894531
1957-10-31,1957,10,,28.32,,,,4.5,41.060001373291016
1957-11-30,1957,11,,28.41,83.7,,,5.1,41.720001220703125
1957-12-31,1957,12,,28.47,,,,5.2,39.9900016784668
1958-01-31,1958,1,,28.64,,,,5.8,41.70000076293945
1958-02-28,1958,2,,28.7,78.5,,,6.4,40.84000015258789
1958-03-31,1958,3,,28.87,,,,6.7,42.099998474121094
1958-04-30,1958,4,,28.94,,,,7.4,43.439998626708984
1958-05-31,1958,5,,28.94,80.9,,,7.4,44.09000015258789
1958-06-30,1958,6,,28.91,,,,7.3,45.2400016784668
1958-07-31,1958,7,,28.89,,,,7.5,47.189998626708984
1958-08-31,1958,8,,28.94,,,,7.4,47.75
1958-09-30,1958,9,,28.91,,,,7.1,50.060001373291016
1958-10-31,1958,10,,28.91,,,,6.7,51.33000183105469
1958-11-30,1958,11,,28.95,90.8,,,6.2,52.47999954223633
1958-12-31,1958,12,,28.97,,,,6.2,55.209999084472656
1959-01-31,1959,1,,29.01,,,,6.0,55.45000076293945
1959-02-28,1959,2,,29.0,,,,5.9,55.40999984741211
1959-03-31,1959,3,,28.97,,,,5.6,55.439998626708984
1959-04-30,1959,4,,28.98,,,,5.2,57.59000015258789
1959-05-31,1959,5,,29.04,95.3,,,5.1,58.68000030517578
1959-06-30,1959,6,,29.11,,,,5.0,58.470001220703125
1959-07-31,1959,7,,29.15,,,,5.1,60.5099983215332
1959-08-31,1959,8,,29.18,,,,5.2,59.599998474121094
1959-09-30,1959,9,,29.25,,,,5.5,56.880001068115234
1959-10-31,1959,10,,29.35,,,,5.7,57.52000045776367
1959-11-30,1959,11,,29.35,93.8,,,5.8,58.279998779296875
1959-12-31,1959,12,,29.41,,,,5.3,59.88999938964844
1960-01-31,1960,1,,29.37,,,,5.2,55.61000061035156
1960-02-29,1960,2,,29.41,100.0,,,4.8,56.119998931884766
1960-03-31,1960,3,,29.41,,,,5.4,55.34000015258789
1960-04-30,1960,4,,29.54,,,,5.2,54.369998931884766
1960-05-31,1960,5,,29.57,93.3,,,5.1,55.83000183105469
1960-06-30,1960,6,,29.61,,,,5.4,56.91999816894531
1960-07-31,1960,7,,29.55,,,,5.5,55.5099983215332
1960-08-31,1960,8,,29.61,97.2,,,5.6,56.959999084472656
1960-09-30,1960,9,,29.61,,,,5.5,53.52000045776367
1960-10-31,1960,10,,29.75,,,,6.1,53.38999938964844
1960-11-30,1960,11,,29.78,90.1,,,6.1,55.540000915527344
1960-12-31,1960,12,,29.81,,,,6.6,58.11000061035156
1961-01-31,1961,1,,29.84,,,,6.6,61.779998779296875
1961-02-28,1961,2,,29.84,91.6,,,6.9,63.439998626708984
1961-03-31,1961,3,,29.84,,,,6.9,65.05999755859375
1961-04-30,1961,4,,29.81,,,,7.0,65.30999755859375
1961-05-31,1961,5,,29.84,92.5,,,7.1,66.55999755859375
1961-06-30,1961,6,,29.84,,,,6.9,64.63999938964844
1961-07-31,1961,7,,29.92,,,,7.0,66.76000213623047
1961-08-31,1961,8,,29.94,99.2,,,6.6,68.06999969482422
1961-09-30,1961,9,,29.98,,,,6.7,66.7300033569336
1961-10-31,1961,10,,29.98,,,,6.5,68.62000274658203
1961-11-30,1961,11,,29.98,93.0,,,6.1,71.31999969482422
1961-12-31,1961,12,,30.01,,,,6.0,71.55000305175781
1962-01-31,1962,1,4.1,30.04,,,,5.8,68.83999633789062
1962-02-28,1962,2,4.0,30.11,99.9,,,5.5,69.95999908447266
1962-03-31,1962,3,3.86,30.17,,,,5.6,69.55000305175781
1962-04-30,1962,4,3.86,30.21,,,,5.6,65.23999786376953
1962-05-31,1962,5,3.9,30.24,95.4,,,5.5,59.630001068115234
1962-06-30,1962,6,4.0,30.21,,,,5.5,54.75
1962-07-31,1962,7,4.04,30.22,,,,5.4,58.22999954223633
1962-08-31,1962,8,3.96,30.28,91.6,,,5.7,59.119998931884766
1962-09-30,1962,9,3.94,30.42,,,,5.6,56.27000045776367
1962-10-31,1962,10,3.92,30.38,,,,5.4,56.52000045776367
1962-11-30,1962,11,3.92,30.38,95.0,,,5.7,62.2599983215332
1962-12-31,1962,12,3.85,30.38,,,,5.5,63.099998474121094
1963-01-31,1963,1,3.87,30.44,,,591.0,5.7,66.19999694824219
1963-02-28,1963,2,3.94,30.48,98.4,,464.0,5.9,64.29000091552734
1963-03-31,1963,3,3.95,30.51,,,461.0,5.7,66.56999969482422
1963-04-30,1963,4,3.95,30.48,,,605.0,5.7,69.80000305175781
1963-05-31,1963,5,3.96,30.51,91.7,,586.0,5.9,70.80000305175781
1963-06-30,1963,6,4.0,30.61,,,526.0,5.6,69.37000274658203
1963-07-31,1963,7,4.0,30.69,,,665.0,5.6,69.12999725341797
1963-08-31,1963,8,4.02,30.75,96.4,,570.0,5.4,72.5
1963-09-30,1963,9,4.07,30.72,,,590.0,5.5,71.69999694824219
1963-10-31,1963,10,4.15,30.75,,,567.0,5.5,74.01000213623047
1963-11-30,1963,11,4.08,30.78,94.4,,579.0,5.7,73.2300033569336
1963-12-31,1963,12,4.14,30.88,,,514.0,5.5,75.0199966430664
1964-01-31,1964,1,4.15,30.94,,,549.0,5.6,77.04000091552734
1964-02-29,1964,2,4.18,30.91,99.5,,609.0,5.4,77.80000305175781
1964-03-31,1964,3,4.23,30.94,,,562.0,5.4,78.9800033569336
1964-04-30,1964,4,4.22,30.95,,,559.0,5.3,79.45999908447266
1964-05-31,1964,5,4.19,30.98,98.5,,523.0,5.1,80.37000274658203
1964-06-30,1964,6,4.15,31.01,,,580.0,5.2,81.69000244140625
1964-07-31,1964,7,4.19,31.02,,,575.0,4.9,83.18000030517578
1964-08-31,1964,8,4.21,31.05,100.6,,582.0,5.0,81.83000183105469
1964-09-30,1964,9,4.18,31.08,,,590.0,5.1,84.18000030517578
1964-10-31,1964,10,4.16,31.12,,,583.0,5.1,84.86000061035156
1964-11-30,1964,11,4.2,31.21,99.9,,548.0,4.8,84.41999816894531
1964-12-31,1964,12,4.21,31.25,,,540.0,5.0,84.75
1965-01-31,1965,1,4.19,31.28,,,533.0,4.9,87.55999755859375
1965-02-28,1965,2,4.22,31.28,102.0,,559.0,5.1,87.43000030517578
1965-03-31,1965,3,4.2,31.31,,,556.0,4.7,86.16000366210938
1965-04-30,1965,4,4.21,31.38,,,555.0,4.8,89.11000061035156
1965-05-31,1965,5,4.23,31.48,105.4,,544.0,4.6,88.41999816894531
1965-06-30,1965,6,4.2,31.61,,,614.0,4.6,84.12000274658203
1965-07-31,1965,7,4.22,31.58,,,554.0,4.4,85.25
1965-08-31,1965,8,4.27,31.55,103.4,,615.0,4.4,87.16999816894531
1965-09-30,1965,9,4.35,31.62,,,587.0,4.3,89.95999908447266
1965-10-31,1965,10,4.41,31.65,,,555.0,4.2,92.41999816894531
1965-11-30,1965,11,4.48,31.75,102.9,,616.0,4.1,91.61000061035156
1965-12-31,1965,12,4.65,31.85,,,609.0,4.0,92.43000030517578
1966-01-31,1966,1,4.69,31.88,,,599.0,4.0,92.87999725341797
1966-02-28,1966,2,5.02,32.08,100.0,,541.0,3.8,91.22000122070312
1966-03-31,1966,3,4.71,32.18,,,557.0,3.8,89.2300033569336
1966-04-30,1966,4,4.79,32.28,,,545.0,3.8,91.05999755859375
1966-05-31,1966,5,4.8,32.35,95.7,,499.0,3.9,86.12999725341797
1966-06-30,1966,6,4.97,32.38,,,434.0,3.8,84.73999786376953
1966-07-31,1966,7,5.05,32.45,,,435.0,3.8,83.5999984741211
1966-08-31,1966,8,5.36,32.65,91.2,,377.0,3.8,77.0999984741211
1966-09-30,1966,9,5.02,32.75,,,358.0,3.7,76.55999755859375
1966-10-31,1966,10,4.97,32.85,,,387.0,3.7,80.19999694824219
1966-11-30,1966,11,5.12,32.88,88.3,,382.0,3.6,80.44999694824219
1966-12-31,1966,12,4.64,32.92,,,369.0,3.8,80.33000183105469
1967-01-31,1967,1,4.52,32.9,,,416.0,3.9,86.61000061035156
1967-02-28,1967,2,4.72,33.0,94.1,,408.0,3.8,86.77999877929688
1967-03-31,1967,3,4.5,33.0,,,439.0,3.8,90.19999694824219
1967-04-30,1967,4,4.78,33.1,,,479.0,3.8,94.01000213623047
1967-05-31,1967,5,4.81,33.1,95.9,,503.0,3.8,89.08000183105469
1967-06-30,1967,6,5.22,33.3,,,499.0,3.9,90.63999938964844
1967-07-31,1967,7,5.16,33.4,,,515.0,3.8,94.75
1967-08-31,1967,8,5.27,33.5,97.0,,504.0,3.8,93.63999938964844
1967-09-30,1967,9,5.31,33.6,,,531.0,3.8,96.70999908447266
1967-10-31,1967,10,5.64,33.7,,,566.0,4.0,93.30000305175781
1967-11-30,1967,11,5.74,33.9,92.9,,500.0,3.9,94.0
1967-12-31,1967,12,5.7,34.0,,,502.0,3.8,96.47000122070312
1968-01-31,1968,1,5.54,34.1,,,494.0,3.7,92.23999786376953
1968-02-29,1968,2,5.56,34.2,97.2,,543.0,3.8,89.36000061035156
1968-03-31,1968,3,5.76,34.3,,,490.0,3.7,90.19999694824219
1968-04-30,1968,4,5.74,34.4,,,501.0,3.5,97.45999908447266
1968-05-31,1968,5,5.86,34.5,92.4,,441.0,3.5,98.68000030517578
1968-06-30,1968,6,5.64,34.7,,,441.0,3.7,99.58000183105469
1968-07-31,1968,7,5.39,34.9,,,493.0,3.7,97.73999786376953
1968-08-31,1968,8,5.42,35.0,92.4,,507.0,3.5,98.86000061035156
1968-09-30,1968,9,5.49,35.1,,,501.0,3.4,102.66999816894531
1968-10-31,1968,10,5.61,35.3,,,502.0,3.4,103.41000366210938
1968-11-30,1968,11,5.78,35.4,91.7,,469.0,3.4,108.37000274658203
1968-12-31,1968,12,6.16,35.6,,,511.0,3.4,103.86000061035156
1969-01-31,1969,1,6.19,35.7,,,480.0,3.4,103.01000213623047
1969-02-28,1969,2,6.26,35.8,98.2,,524.0,3.4,98.12999725341797
1969-03-31,1969,3,6.3,36.1,,,474.0,3.4,101.51000213623047
1969-04-30,1969,4,6.2,36.3,,,450.0,3.4,103.69000244140625
1969-05-31,1969,5,6.56,36.4,91.5,,447.0,3.4,103.45999908447266
1969-06-30,1969,6,6.73,36.6,,,461.0,3.5,97.70999908447266
1969-07-31,1969,7,6.66,36.8,,,436.0,3.5,91.83000183105469
1969-08-31,1969,8,6.83,36.9,86.4,,422.0,3.5,95.51000213623047
1969-09-30,1969,9,7.51,37.1,,,396.0,3.7,93.12000274658203
1969-10-31,1969,10,6.94,37.3,,,401.0,3.7,97.12000274658203
1969-11-30,1969,11,7.29,37.5,79.7,,441.0,3.5,93.80999755859375
1969-12-31,1969,12,7.88,37.7,,,452.0,3.5,92.05999755859375
1970-01-31,1970,1,7.75,37.9,,,461.0,3.9,85.0199966430664
1970-02-28,1970,2,6.9,38.1,78.1,,373.0,4.2,89.5
1970-03-31,1970,3,7.08,38.3,,,389.0,4.4,89.62999725341797
1970-04-30,1970,4,7.82,38.5,,,445.0,4.6,81.5199966430664
1970-05-31,1970,5,7.95,38.6,75.4,,466.0,4.8,76.55000305175781
1970-06-30,1970,6,7.68,38.8,,,485.0,4.9,72.72000122070312
1970-07-31,1970,7,7.38,38.9,,,481.0,5.0,78.05000305175781
1970-08-31,1970,8,7.49,39.0,77.6,,515.0,5.1,81.5199966430664
1970-09-30,1970,9,7.29,39.2,,,564.0,5.4,84.30000305175781
1970-10-31,1970,10,7.33,39.4,,,545.0,5.5,83.25
1970-11-30,1970,11,6.49,39.6,72.4,,570.0,5.9,87.19999694824219
1970-12-31,1970,12,6.5,39.8,,,582.0,6.1,92.1500015258789
1971-01-31,1971,1,6.09,39.9,,,618.0,5.9,95.87999725341797
1971-02-28,1971,2,6.14,39.9,78.1,,618.0,5.9,96.75
1971-03-31,1971,3,5.53,40.0,,,681.0,6.0,100.30999755859375
1971-04-30,1971,4,6.08,40.1,,,662.0,5.9,103.94999694824219
1971-05-31,1971,5,6.38,40.3,80.2,,618.0,5.9,99.62999725341797
1971-06-30,1971,6,6.7,40.5,,,646.0,5.9,98.69999694824219
1971-07-31,1971,7,6.85,40.6,,,706.0,6.0,95.58000183105469
1971-08-31,1971,8,6.28,40.7,82.1,,659.0,6.1,99.02999877929688
1971-09-30,1971,9,6.0,40.8,,,625.0,6.0,98.33999633789062
1971-10-31,1971,10,5.87,40.9,,,647.0,5.8,94.2300033569336
1971-11-30,1971,11,5.93,41.0,82.0,,710.0,6.0,93.98999786376953
1971-12-31,1971,12,5.89,41.1,,,689.0,6.0,102.08999633789062
1972-01-31,1972,1,6.09,41.2,,35.9488,698.0,5.8,103.94000244140625
1972-02-29,1972,2,6.04,41.4,92.8,36.2194,711.0,5.7,106.56999969482422
1972-03-31,1972,3,6.12,41.4,,36.4664,640.0,5.8,107.19999694824219
1972-04-30,1972,4,6.14,41.5,,36.8786,684.0,5.7,107.66999816894531
1972-05-31,1972,5,6.05,41.6,88.6,36.9454,677.0,5.7,109.52999877929688
1972-06-30,1972,6,6.15,41.7,,37.053,687.0,5.7,107.13999938964844
1972-07-31,1972,7,6.12,41.8,,37.0476,681.0,5.6,107.38999938964844
1972-08-31,1972,8,6.42,41.9,95.2,37.5429,773.0,5.6,111.08999633789062
1972-09-30,1972,9,6.54,42.1,,37.809,767.0,5.5,110.55000305175781
1972-10-31,1972,10,6.41,42.2,,38.3741,843.0,5.6,111.58000183105469
1972-11-30,1972,11,6.28,42.4,90.7,38.8702,735.0,5.3,116.66999816894531
1972-12-31,1972,12,6.41,42.5,,39.4285,772.0,5.2,118.05000305175781
1973-01-31,1973,1,6.54,42.7,,39.7323,781.0,4.9,116.02999877929688
1973-02-28,1973,2,6.64,43.0,81.9,40.3702,737.0,5.0,111.68000030517578
1973-03-31,1973,3,6.73,43.4,,40.4413,725.0,4.9,111.5199966430664
1973-04-30,1973,4,6.7,43.7,,40.3808,661.0,5.0,106.97000122070312
1973-05-31,1973,5,6.93,43.9,77.0,40.6467,660.0,4.9,104.94999694824219
1973-06-30,1973,6,6.94,44.2,,40.6564,650.0,4.9,104.26000213623047
1973-07-31,1973,7,7.43,44.2,,40.8401,601.0,4.8,108.22000122070312
1973-08-31,1973,8,7.25,45.0,72.0,40.7324,566.0,4.8,104.25
1973-09-30,1973,9,6.9,45.2,,41.0769,561.0,4.8,108.43000030517578
1973-10-31,1973,10,6.71,45.6,,41.4799,565.0,4.6,108.29000091552734
1973-11-30,1973,11,6.69,45.9,76.5,41.7624,547.0,4.8,95.95999908447266
1973-12-31,1973,12,6.9,46.3,,41.7691,519.0,4.9,97.55000305175781
1974-01-31,1974,1,7.0,46.8,,41.4204,523.0,5.1,96.56999969482422
1974-02-28,1974,2,7.01,47.3,61.8,41.2533,539.0,5.2,96.22000122070312
1974-03-31,1974,3,7.41,47.8,,41.2236,572.0,5.1,93.9800033569336
1974-04-30,1974,4,7.66,48.1,,41.0428,544.0,5.1,90.30999755859375
1974-05-31,1974,5,7.52,48.6,72.1,41.3365,590.0,5.1,87.27999877929688
1974-06-30,1974,6,7.64,49.0,,41.3588,534.0,5.4,86.0
1974-07-31,1974,7,7.89,49.3,,41.3426,534.0,5.5,79.30999755859375
1974-08-31,1974,8,8.11,49.9,64.4,40.9558,492.0,5.5,72.1500015258789
1974-09-30,1974,9,7.94,50.6,,41.0123,511.0,5.9,63.540000915527344
1974-10-31,1974,10,7.79,51.0,,40.7206,448.0,6.0,73.9000015258789
1974-11-30,1974,11,7.64,51.5,59.5,39.4681,450.0,6.6,69.97000122070312
1974-12-31,1974,12,7.4,51.9,,37.6414,417.0,7.2,68.55999755859375
1975-01-31,1975,1,7.53,52.3,,36.8443,416.0,8.1,76.9800033569336
1975-02-28,1975,2,7.46,52.6,57.6,35.8119,422.0,8.1,81.58999633789062
1975-03-31,1975,3,8.01,52.8,,35.3223,477.0,8.6,83.36000061035156
1975-04-30,1975,4,8.31,53.0,,35.3205,543.0,8.8,87.30000305175781
1975-05-31,1975,5,8.04,53.1,72.8,35.2545,579.0,9.0,91.1500015258789
1975-06-30,1975,6,7.96,53.5,,35.5538,557.0,8.8,95.19000244140625
1975-07-31,1975,7,8.2,54.0,,36.0692,569.0,8.6,88.75
1975-08-31,1975,8,8.22,54.2,75.7,36.4482,566.0,8.4,86.87999725341797
1975-09-30,1975,9,8.48,54.6,,37.0871,556.0,8.4,83.87000274658203
1975-10-31,1975,10,7.91,54.9,,37.2883,609.0,8.4,89.04000091552734
1975-11-30,1975,11,8.14,55.3,75.6,37.3698,680.0,8.3,91.23999786376953
1975-12-31,1975,12,7.76,55.6,,37.8905,669.0,8.2,90.19000244140625
1976-01-31,1976,1,7.8,55.8,,38.3571,603.0,7.9,100.86000061035156
1976-02-29,1976,2,7.77,55.9,84.6,38.9629,644.0,7.7,99.70999908447266
1976-03-31,1976,3,7.66,56.0,,39.0877,591.0,7.6,102.7699966430664
1976-04-30,1976,4,7.67,56.1,,39.2948,611.0,7.7,101.63999938964844
1976-05-31,1976,5,7.96,56.4,83.3,39.4946,570.0,7.4,100.18000030517578
1976-06-30,1976,6,7.86,56.7,,39.5372,591.0,7.6,104.27999877929688
1976-07-31,1976,7,7.86,57.0,,39.8146,664.0,7.8,103.44000244140625
1976-08-31,1976,8,7.66,57.3,89.7,40.0651,648.0,7.8,102.91000366210938
1976-09-30,1976,9,7.55,57.6,,40.171,696.0,7.6,105.23999786376953
1976-10-31,1976,10,7.42,57.9,,40.1055,708.0,7.7,102.9000015258789
1976-11-30,1976,11,7.01,58.1,87.0,40.6485,735.0,7.8,102.0999984741211
1976-12-31,1976,12,6.81,58.4,,41.0963,767.0,7.8,107.45999908447266
1977-01-31,1977,1,7.4,58.7,,40.9505,825.0,7.5,102.02999877929688
1977-02-28,1977,2,7.45,59.3,87.1,41.7038,839.0,7.6,99.81999969482422
1977-03-31,1977,3,7.42,59.6,,42.3193,872.0,7.4,98.41999816894531
1977-04-30,1977,4,7.45,60.0,,42.7554,799.0,7.2,98.44000244140625
1977-05-31,1977,5,7.38,60.2,90.2,43.1006,807.0,7.0,96.12000274658203
1977-06-30,1977,6,7.2,60.5,,43.4872,805.0,7.2,100.4800033569336
1977-07-31,1977,7,7.42,60.8,,43.4885,755.0,6.9,98.8499984741211
1977-08-31,1977,8,7.28,61.1,89.0,43.7262,808.0,7.0,96.7699966430664
1977-09-30,1977,9,7.41,61.3,,43.7221,842.0,6.8,96.52999877929688
1977-10-31,1977,10,7.62,61.6,,43.8226,819.0,6.8,92.33999633789062
1977-11-30,1977,11,7.55,62.0,84.4,43.9398,829.0,6.8,94.83000183105469
1977-12-31,1977,12,7.78,62.3,,44.4342,835.0,6.4,95.0999984741211
1978-01-31,1978,1,7.94,62.7,83.7,43.7471,795.0,6.4,89.25
1978-02-28,1978,2,8.04,63.0,84.3,43.9139,791.0,6.3,87.04000091552734
1978-03-31,1978,3,8.15,63.4,78.8,44.6899,814.0,6.3,89.20999908447266
1978-04-30,1978,4,8.24,63.9,81.6,45.3905,864.0,6.1,96.83000183105469
1978-05-31,1978,5,8.42,64.5,82.9,45.6235,857.0,6.0,97.23999786376953
1978-06-30,1978,6,8.62,65.0,80.0,45.9633,834.0,5.9,95.52999877929688
1978-07-31,1978,7,8.56,65.5,82.4,45.9292,789.0,6.2,100.68000030517578
1978-08-31,1978,8,8.39,65.9,78.4,46.188,756.0,5.9,103.29000091552734
1978-09-30,1978,9,8.56,66.5,80.4,46.4248,812.0,6.0,102.54000091552734
1978-10-31,1978,10,8.96,67.1,79.3,46.7505,872.0,5.8,93.1500015258789
1978-11-30,1978,11,8.86,67.5,75.0,47.1947,798.0,5.9,94.69999694824219
1978-12-31,1978,12,9.15,67.9,66.1,47.5233,805.0,6.0,96.11000061035156
1979-01-31,1979,1,8.95,68.5,72.1,47.1867,754.0,5.9,99.93000030517578
1979-02-28,1979,2,9.17,69.2,73.9,47.3334,723.0,5.9,96.27999877929688
1979-03-31,1979,3,9.11,69.9,68.4,47.5584,793.0,5.8,101.58999633789062
1979-04-30,1979,4,9.35,70.6,66.0,46.7513,748.0,5.8,101.76000213623047
1979-05-31,1979,5,9.06,71.4,68.1,47.411,727.0,5.6,99.08000183105469
1979-06-30,1979,6,8.81,72.2,65.8,47.4656,700.0,5.7,102.91000366210938
1979-07-31,1979,7,9.01,73.0,60.4,47.4936,715.0,5.7,103.80999755859375
1979-08-31,1979,8,9.24,73.7,64.5,46.8715,729.0,6.0,109.31999969482422
1979-09-30,1979,9,9.44,74.4,66.7,46.9305,727.0,5.9,109.31999969482422
1979-10-31,1979,10,10.72,75.2,62.1,47.1754,670.0,6.0,101.81999969482422
1979-11-30,1979,11,10.38,76.0,63.3,46.9972,597.0,5.9,106.16000366210938
1979-12-31,1979,12,10.33,76.9,61.0,47.1453,559.0,6.0,107.94000244140625
1980-01-31,1980,1,11.13,78.0,67.0,47.389,592.0,6.3,114.16000366210938
1980-02-29,1980,2,12.72,79.0,66.9,47.3226,541.0,6.3,113.66000366210938
1980-03-31,1980,3,12.64,80.1,56.5,46.9301,474.0,6.3,102.08999633789062
1980-04-30,1980,4,10.76,80.9,52.7,45.9548,370.0,6.9,106.29000091552734
1980-05-31,1980,5,10.25,81.7,51.7,44.5242,469.0,7.5,111.23999786376953
1980-06-30,1980,6,10.09,82.5,58.7,43.7954,552.0,7.6,114.23999786376953
1980-07-31,1980,7,10.76,82.6,62.3,43.2986,636.0,7.8,121.66999816894531
1980-08-31,1980,8,11.55,83.2,67.3,43.6161,659.0,7.7,122.37999725341797
1980-09-30,1980,9,11.86,83.9,73.7,44.3813,596.0,7.5,125.45999908447266
1980-10-31,1980,10,12.46,84.7,75.0,45.2202,561.0,7.5,127.47000122070312
1980-11-30,1980,11,12.72,85.6,76.7,46.0367,562.0,7.5,140.52000427246094
1980-12-31,1980,12,12.43,86.4,64.5,46.208,532.0,7.2,135.75999450683594
1981-01-31,1981,1,12.68,87.2,71.4,46.0212,511.0,7.5,129.5500030517578
1981-02-28,1981,2,13.43,88.0,66.9,45.794,510.0,7.4,131.27000427246094
1981-03-31,1981,3,13.13,88.6,66.5,45.9447,514.0,7.4,136.0
1981-04-30,1981,4,14.11,89.1,72.4,46.199,470.0,7.2,132.80999755859375
1981-05-31,1981,5,13.5,89.7,76.3,46.404,467.0,7.5,132.58999633789062
1981-06-30,1981,6,13.86,90.5,73.1,46.1847,415.0,7.5,131.2100067138672
1981-07-31,1981,7,14.67,91.5,74.1,46.2816,431.0,7.2,130.9199981689453
1981-08-31,1981,8,15.41,92.2,77.2,46.268,378.0,7.4,122.79000091552734
1981-09-30,1981,9,15.84,93.1,73.1,46.0765,338.0,7.6,116.18000030517578
1981-10-31,1981,10,14.63,93.4,70.3,45.6031,356.0,7.9,121.88999938964844
1981-11-30,1981,11,13.13,93.8,62.5,44.9956,382.0,8.3,126.3499984741211
1981-12-31,1981,12,13.98,94.1,64.3,44.2047,457.0,8.5,122.55000305175781
1982-01-31,1982,1,14.14,94.4,71.0,43.1053,368.0,8.6,120.4000015258789
1982-02-28,1982,2,14.03,94.7,66.5,44.3455,365.0,8.9,113.11000061035156
1982-03-31,1982,3,14.18,94.7,62.0,44.0129,374.0,9.0,111.95999908447266
1982-04-30,1982,4,13.87,95.0,65.5,43.6953,339.0,9.3,116.44000244140625
1982-05-31,1982,5,13.71,95.9,67.5,43.6009,384.0,9.4,111.87999725341797
1982-06-30,1982,6,14.44,97.0,65.7,43.5637,370.0,9.6,109.61000061035156
1982-07-31,1982,7,13.68,97.5,65.4,43.5071,375.0,9.8,107.08999633789062
1982-08-31,1982,8,12.81,97.7,65.4,43.0853,407.0,9.8,119.51000213623047
1982-09-30,1982,9,11.73,97.7,69.3,43.0038,481.0,10.1,120.41999816894531
1982-10-31,1982,10,10.71,98.1,73.4,42.443,480.0,10.4,133.72000122070312
1982-11-30,1982,11,10.79,98.0,72.1,42.1852,554.0,10.8,138.52999877929688
1982-12-31,1982,12,10.36,97.7,71.9,42.0504,521.0,10.8,140.63999938964844
1983-01-31,1983,1,10.8,97.9,70.4,43.0464,582.0,10.4,145.3000030517578
1983-02-28,1983,2,10.27,98.0,74.6,43.0236,562.0,10.4,148.05999755859375
1983-03-31,1983,3,10.62,98.1,80.8,43.4444,596.0,10.3,152.9600067138672
1983-04-30,1983,4,10.27,98.8,89.1,43.975,638.0,10.2,164.42999267578125
1983-05-31,1983,5,10.81,99.2,93.3,44.5191,664.0,10.1,162.38999938964844
1983-06-30,1983,6,10.96,99.4,92.2,44.89,651.0,10.1,167.63999938964844
1983-07-31,1983,7,11.76,99.8,92.8,45.5618,606.0,9.4,162.55999755859375
1983-08-31,1983,8,11.98,100.1,90.9,45.9538,572.0,9.5,164.39999389648438
1983-09-30,1983,9,11.44,100.4,89.9,46.8262,608.0,9.2,166.07000732421875
1983-10-31,1983,10,11.74,100.8,89.3,47.3209,632.0,8.8,163.5500030517578
1983-11-30,1983,11,11.63,101.1,91.1,47.5587,644.0,8.5,166.39999389648438
1983-12-31,1983,12,11.82,101.4,94.2,47.7219,773.0,8.3,164.92999267578125
1984-01-31,1984,1,11.67,102.1,100.1,48.5939,691.0,8.0,163.41000366210938
1984-02-29,1984,2,12.04,102.6,97.4,49.1311,696.0,7.8,157.05999755859375
1984-03-31,1984,3,12.53,102.9,101.0,49.3389,641.0,7.8,159.17999267578125
1984-04-30,1984,4,12.82,103.3,96.1,49.5866,639.0,7.7,160.0500030517578
1984-05-31,1984,5,13.91,103.5,98.1,49.7365,615.0,7.4,150.5500030517578
1984-06-30,1984,6,13.84,103.7,95.5,49.9635,630.0,7.2,153.17999267578125
1984-07-31,1984,7,12.91,104.1,96.6,50.1714,619.0,7.5,150.66000366210938
1984-08-31,1984,8,12.79,104.4,99.1,50.2617,567.0,7.5,166.67999267578125
1984-09-30,1984,9,12.47,104.7,100.9,50.0761,662.0,7.3,166.10000610351562
1984-10-31,1984,10,11.79,105.1,96.3,50.336,687.0,7.4,166.08999633789062
1984-11-30,1984,11,11.58,105.3,95.7,50.4708,597.0,7.2,163.5800018310547
1984-12-31,1984,12,11.55,105.5,92.9,50.6128,597.0,7.3,167.24000549316406
1985-01-31,1985,1,11.17,105.7,96.0,50.4877,645.0,7.3,179.6300048828125
1985-02-28,1985,2,11.91,106.3,93.7,50.268,682.0,7.2,181.17999267578125
1985-03-31,1985,3,11.65,106.8,93.7,50.6388,671.0,7.2,180.66000366210938
1985-04-30,1985,4,11.41,107.0,94.6,50.4668,620.0,7.3,179.8300018310547
1985-05-31,1985,5,10.28,107.2,91.8,50.5752,678.0,7.2,189.5500030517578
1985-06-30,1985,6,10.25,107.5,96.5,50.5914,722.0,7.4,191.85000610351562
1985-07-31,1985,7,10.57,107.7,94.0,50.3715,766.0,7.4,190.9199981689453
1985-08-31,1985,8,10.28,107.9,92.4,50.6306,726.0,7.1,188.6300048828125
1985-09-30,1985,9,10.31,108.1,92.1,50.679,678.0,7.1,182.0800018310547
1985-10-31,1985,10,10.01,108.5,88.4,50.5837,655.0,7.1,189.82000732421875
1985-11-30,1985,11,9.59,109.0,90.9,50.9361,733.0,7.0,202.1699981689453
1985-12-31,1985,12,9.0,109.5,93.9,51.1068,721.0,7.0,211.27999877929688
1986-01-31,1986,1,9.08,109.9,95.6,51.7209,733.0,6.7,211.77999877929688
1986-02-28,1986,2,8.13,109.7,95.9,51.4553,728.0,7.2,226.9199981689453
1986-03-31,1986,3,7.39,109.1,95.1,51.2823,880.0,7.2,238.89999389648438
1986-04-30,1986,4,7.38,108.7,96.2,51.413,857.0,7.1,235.52000427246094
1986-05-31,1986,5,8.05,109.0,94.8,51.4759,789.0,7.2,247.35000610351562
1986-06-30,1986,6,7.35,109.4,99.3,51.273,728.0,7.2,250.83999633789062
1986-07-31,1986,7,7.34,109.5,97.7,51.5502,698.0,7.0,236.1199951171875
1986-08-31,1986,8,6.95,109.6,94.9,51.6957,621.0,6.9,252.92999267578125
1986-09-30,1986,9,7.45,110.0,91.9,51.8413,763.0,7.0,231.32000732421875
1986-10-31,1986,10,7.34,110.2,95.6,52.0368,669.0,7.0,243.97999572753906
1986-11-30,1986,11,7.15,110.4,91.4,52.2282,707.0,6.9,249.22000122070312
1986-12-31,1986,12,7.23,110.8,89.1,52.743,784.0,6.6,242.1699981689453
1987-01-31,1987,1,7.18,111.4,90.4,52.5503,709.0,6.6,274.0799865722656
1987-02-28,1987,2,7.19,111.8,90.2,53.3353,732.0,6.6,284.20001220703125
1987-03-31,1987,3,7.51,112.2,90.8,53.3533,713.0,6.6,291.70001220703125
1987-04-30,1987,4,8.21,112.7,92.8,53.6835,735.0,6.3,288.3599853515625
1987-05-31,1987,5,8.49,113.0,91.1,54.0583,651.0,6.3,290.1000061035156
1987-06-30,1987,6,8.38,113.5,91.5,54.2685,637.0,6.2,304.0
1987-07-31,1987,7,8.66,113.8,93.7,54.6903,658.0,6.1,318.6600036621094
1987-08-31,1987,8,9.0,114.3,94.4,54.9859,657.0,6.0,329.79998779296875
1987-09-30,1987,9,9.63,114.7,93.6,55.3803,666.0,5.9,321.8299865722656
1987-10-31,1987,10,8.88,115.0,89.3,56.2464,650.0,6.0,251.7899932861328
1987-11-30,1987,11,8.99,115.4,83.1,56.5301,625.0,5.8,230.3000030517578
1987-12-31,1987,12,8.83,115.6,86.8,56.9317,595.0,5.7,247.0800018310547
1988-01-31,1988,1,8.26,116.0,90.8,56.7848,585.0,5.7,257.07000732421875
1988-02-29,1988,2,8.16,116.2,91.6,56.9915,663.0,5.7,267.82000732421875
1988-03-31,1988,3,8.57,116.5,94.6,57.1701,669.0,5.7,258.8900146484375
1988-04-30,1988,4,8.87,117.2,91.2,57.7029,699.0,5.4,261.3299865722656
1988-05-31,1988,5,9.2,117.5,94.8,57.5736,684.0,5.6,262.1600036621094
1988-06-30,1988,6,8.82,118.0,94.7,57.7132,717.0,5.4,273.5
1988-07-31,1988,7,9.12,118.5,93.4,57.6879,679.0,5.4,272.0199890136719
1988-08-31,1988,8,9.25,119.0,97.4,57.7836,688.0,5.6,261.5199890136719
1988-09-30,1988,9,8.87,119.5,97.3,57.9625,703.0,5.4,271.9100036621094
1988-10-31,1988,10,8.65,119.9,94.1,58.2074,718.0,5.4,278.9700012207031
1988-11-30,1988,11,9.06,120.3,93.0,58.4365,628.0,5.3,273.70001220703125
1988-12-31,1988,12,9.14,120.7,91.9,58.7163,658.0,5.3,277.7200012207031
1989-01-31,1989,1,9.01,121.2,97.9,59.2209,719.0,5.4,297.4700012207031
1989-02-28,1989,2,9.32,121.6,95.4,58.6186,622.0,5.2,288.8599853515625
1989-03-31,1989,3,9.3,122.2,94.3,58.541,567.0,5.0,294.8699951171875
1989-04-30,1989,4,9.02,123.1,91.5,58.6456,608.0,5.2,309.6400146484375
1989-05-31,1989,5,8.6,123.7,90.7,58.1628,656.0,5.2,320.5199890136719
1989-06-30,1989,6,8.1,124.1,90.6,58.2734,642.0,5.3,317.9800109863281
1989-07-31,1989,7,7.82,124.5,92.0,57.5666,731.0,5.2,346.0799865722656
1989-08-31,1989,8,8.26,124.5,89.6,58.1434,697.0,5.2,351.45001220703125
1989-09-30,1989,9,8.31,124.8,95.8,58.0154,639.0,5.3,349.1499938964844
1989-10-31,1989,10,7.92,125.4,93.9,57.8665,645.0,5.3,340.3599853515625
1989-11-30,1989,11,7.84,125.9,90.9,57.9916,684.0,5.4,345.989990234375
1989-12-31,1989,12,7.93,126.3,90.5,58.017,630.0,5.4,353.3999938964844
1990-01-31,1990,1,8.43,127.5,93.0,57.97,620.0,5.4,329.0799865722656
1990-02-28,1990,2,8.51,128.0,89.5,58.7845,591.0,5.3,331.8900146484375
1990-03-31,1990,3,8.65,128.6,91.3,59.0954,574.0,5.2,339.94000244140625
1990-04-30,1990,4,9.04,128.9,93.9,58.8633,542.0,5.4,330.79998779296875
1990-05-31,1990,5,8.6,129.1,90.6,59.0444,534.0,5.4,361.2300109863281
1990-06-30,1990,6,8.43,129.9,88.3,59.239,545.0,5.2,358.0199890136719
1990-07-31,1990,7,8.36,130.5,88.2,59.098,542.0,5.5,356.1499938964844
1990-08-31,1990,8,8.86,131.6,76.4,59.3211,528.0,5.7,322.55999755859375
1990-09-30,1990,9,8.82,132.5,72.8,59.2578,496.0,5.9,306.04998779296875
1990-10-31,1990,10,8.65,133.4,63.9,58.8571,465.0,5.9,304.0
1990-11-30,1990,11,8.26,133.7,66.0,58.1503,493.0,6.2,322.2200012207031
1990-12-31,1990,12,8.08,134.2,65.5,57.6707,464.0,6.3,330.2200012207031
1991-01-31,1991,1,8.03,134.7,66.8,57.3148,401.0,6.4,343.92999267578125
1991-02-28,1991,2,8.02,134.8,70.4,56.8957,482.0,6.6,367.07000732421875
1991-03-31,1991,3,8.05,134.8,87.7,56.4981,507.0,6.8,375.2200012207031
1991-04-30,1991,4,8.02,135.1,81.8,56.7451,508.0,6.7,375.3399963378906
1991-05-31,1991,5,8.06,135.6,78.3,57.1511,517.0,6.9,389.8299865722656
1991-06-30,1991,6,8.24,136.0,82.1,57.7147,516.0,6.9,371.1600036621094
1991-07-31,1991,7,8.2,136.2,82.9,58.0325,511.0,6.8,387.80999755859375
1991-08-31,1991,8,7.82,136.6,82.0,58.0837,526.0,6.9,395.42999267578125
1991-09-30,1991,9,7.47,137.0,83.0,58.7157,487.0,6.9,387.8599853515625
1991-10-31,1991,10,7.47,137.2,78.3,58.6417,524.0,7.0,392.45001220703125
1991-11-30,1991,11,7.38,137.8,69.1,58.529,575.0,7.0,375.2200012207031
1991-12-31,1991,12,6.71,138.2,68.2,58.3863,558.0,7.3,417.0899963378906
1992-01-31,1992,1,7.31,138.3,67.5,58.076,676.0,7.3,408.7799987792969
1992-02-29,1992,2,7.27,138.6,68.8,58.6426,639.0,7.4,412.70001220703125
1992-03-31,1992,3,7.54,139.1,76.0,59.2631,553.0,7.4,403.69000244140625
1992-04-30,1992,4,7.61,139.4,77.2,59.6067,546.0,7.4,414.95001220703125
1992-05-31,1992,5,7.33,139.7,79.2,59.9612,554.0,7.6,415.3500061035156
1992-06-30,1992,6,7.14,140.1,80.4,60.1622,596.0,7.8,408.1400146484375
1992-07-31,1992,7,6.72,140.5,76.6,60.7245,627.0,7.7,424.2099914550781
1992-08-31,1992,8,6.62,140.8,76.1,60.4475,636.0,7.6,414.0299987792969
1992-09-30,1992,9,6.37,141.1,75.6,60.549,650.0,7.6,417.79998779296875
1992-10-31,1992,10,6.8,141.7,73.3,60.9311,621.0,7.3,418.67999267578125
1992-11-30,1992,11,6.95,142.1,85.3,61.1747,614.0,7.4,431.3500061035156
1992-12-31,1992,12,6.7,142.3,91.0,61.117,650.0,7.4,435.7099914550781
1993-01-31,1993,1,6.39,142.8,89.3,61.6837,596.0,7.3,438.7799987792969
1993-02-28,1993,2,6.03,143.1,86.6,61.839,604.0,7.1,443.3800048828125
1993-03-31,1993,3,6.03,143.3,85.9,61.719,602.0,7.0,451.6700134277344
1993-04-30,1993,4,6.05,143.8,85.6,62.042,701.0,7.1,440.19000244140625
1993-05-31,1993,5,6.16,144.2,80.3,61.98,626.0,7.1,450.19000244140625
1993-06-30,1993,6,5.8,144.3,81.5,61.8728,653.0,7.0,450.5299987792969
1993-07-31,1993,7,5.83,144.5,77.0,62.0325,655.0,6.9,448.1300048828125
1993-08-31,1993,8,5.45,144.8,77.3,61.94,645.0,6.8,463.55999755859375
1993-09-30,1993,9,5.4,145.0,77.9,62.4006,726.0,6.7,458.92999267578125
1993-10-31,1993,10,5.43,145.6,82.7,62.9387,704.0,6.8,467.8299865722656
1993-11-30,1993,11,5.83,146.0,81.2,63.2337,769.0,6.6,461.7900085449219
1993-12-31,1993,12,5.83,146.3,88.2,63.651,812.0,6.5,466.45001220703125
1994-01-31,1994,1,5.7,146.3,94.3,63.732,619.0,6.6,481.6099853515625
1994-02-28,1994,2,6.15,146.7,93.2,63.8278,686.0,6.6,467.1400146484375
1994-03-31,1994,3,6.77,147.1,91.5,64.6889,747.0,6.5,445.7699890136719
1994-04-30,1994,4,7.06,147.2,92.6,65.2743,692.0,6.4,450.9100036621094
1994-05-31,1994,5,7.17,147.5,92.8,65.7091,691.0,6.1,456.5
1994-06-30,1994,6,7.34,147.9,91.2,65.9462,621.0,6.1,444.2699890136719
1994-07-31,1994,7,7.12,148.4,89.0,66.2319,628.0,6.1,458.260009765625
1994-08-31,1994,8,7.19,149.0,91.7,66.7851,656.0,6.0,475.489990234375
1994-09-30,1994,9,7.62,149.3,91.5,67.039,677.0,5.9,462.7099914550781
1994-10-31,1994,10,7.81,149.4,92.7,67.7242,715.0,5.8,472.3500061035156
1994-11-30,1994,11,7.91,149.8,91.6,68.2818,646.0,5.6,453.69000244140625
1994-12-31,1994,12,7.84,150.1,95.1,69.047,629.0,5.5,459.2699890136719
1995-01-31,1995,1,7.6,150.5,97.6,69.1755,626.0,5.6,470.4200134277344
1995-02-28,1995,2,7.22,150.9,95.1,68.996,559.0,5.4,487.3900146484375
1995-03-31,1995,3,7.2,151.2,90.3,69.1762,616.0,5.4,500.7099914550781
1995-04-30,1995,4,7.07,151.8,92.5,68.9815,621.0,5.8,514.7100219726562
1995-05-31,1995,5,6.3,152.1,89.8,69.2266,674.0,5.6,533.4000244140625
1995-06-30,1995,6,6.21,152.4,92.7,69.5554,725.0,5.6,544.75
1995-07-31,1995,7,6.45,152.6,94.4,69.0997,765.0,5.7,562.0599975585938
1995-08-31,1995,8,6.28,152.9,96.2,69.9333,701.0,5.7,561.8800048828125
1995-09-30,1995,9,6.17,153.1,88.9,70.5699,678.0,5.6,584.4099731445312
1995-10-31,1995,10,6.03,153.5,90.2,70.5167,696.0,5.5,581.5
1995-11-30,1995,11,5.76,153.7,88.2,70.5883,664.0,5.6,605.3699951171875
1995-12-31,1995,12,5.58,153.9,91.0,70.876,709.0,5.6,615.9299926757812
1996-01-31,1996,1,5.6,154.7,89.3,70.4422,714.0,5.6,636.02001953125
1996-02-29,1996,2,6.13,155.0,88.5,71.4917,769.0,5.5,640.4299926757812
1996-03-31,1996,3,6.34,155.5,93.7,71.2976,721.0,5.5,645.5
1996-04-30,1996,4,6.66,156.1,92.7,72.2025,736.0,5.6,654.1699829101562
1996-05-31,1996,5,6.85,156.4,89.4,72.7811,746.0,5.6,669.1199951171875
1996-06-30,1996,6,6.73,156.7,92.4,73.5084,721.0,5.3,670.6300048828125
1996-07-31,1996,7,6.8,157.0,94.7,73.8378,770.0,5.5,639.9500122070312
1996-08-31,1996,8,6.96,157.2,95.3,74.1472,826.0,5.1,651.989990234375
1996-09-30,1996,9,6.72,157.7,94.7,74.7638,770.0,5.2,687.3300170898438
1996-10-31,1996,10,6.37,158.2,96.5,74.6556,720.0,5.2,705.27001953125
1996-11-30,1996,11,6.06,158.7,99.2,75.313,771.0,5.4,757.02001953125
1996-12-31,1996,12,6.43,159.1,96.9,75.9361,805.0,5.4,740.739990234375
1997-01-31,1997,1,6.53,159.4,97.4,76.0189,830.0,5.3,786.1599731445312
1997-02-28,1997,2,6.56,159.7,99.7,77.059,801.0,5.2,790.8200073242188
1997-03-31,1997,3,6.92,159.8,100.0,77.851,831.0,5.2,757.1199951171875
1997-04-30,1997,4,6.72,159.9,101.4,77.7438,744.0,5.1,801.3400268554688
1997-05-31,1997,5,6.67,159.9,103.2,78.3183,760.0,4.9,848.280029296875
1997-06-30,1997,6,6.51,160.2,104.5,78.7963,793.0,5.0,885.1400146484375
1997-07-31,1997,7,6.02,160.4,107.1,79.3826,805.0,4.9,954.3099975585938
1997-08-31,1997,8,6.34,160.8,104.4,80.3899,815.0,4.8,899.469970703125
1997-09-30,1997,9,6.12,161.2,106.0,81.1102,840.0,4.9,947.280029296875
1997-10-31,1997,10,5.84,161.5,105.6,81.8399,800.0,4.7,914.6199951171875
1997-11-30,1997,11,5.86,161.7,107.2,82.7057,864.0,4.6,955.4000244140625
1997-12-31,1997,12,5.75,161.8,102.1,83.15,793.0,4.7,970.4299926757812
1998-01-31,1998,1,5.53,162.0,106.6,83.8442,872.0,4.6,980.280029296875
1998-02-28,1998,2,5.62,162.0,110.4,83.9466,866.0,4.6,1049.3399658203125
1998-03-31,1998,3,5.67,162.0,106.5,83.7744,836.0,4.7,1101.75
1998-04-30,1998,4,5.68,162.2,108.7,84.1401,866.0,4.3,1111.75
1998-05-31,1998,5,5.56,162.6,106.5,84.6139,887.0,4.4,1090.8199462890625
1998-06-30,1998,6,5.44,162.8,105.6,83.9391,923.0,4.5,1133.8399658203125
1998-07-31,1998,7,5.5,163.2,105.2,83.5124,876.0,4.5,1120.6700439453125
1998-08-31,1998,8,5.05,163.4,104.4,85.6512,846.0,4.5,957.280029296875
1998-09-30,1998,9,4.44,163.5,100.9,85.5701,864.0,4.6,1017.010009765625
1998-10-31,1998,10,4.64,163.9,97.4,86.3233,893.0,4.5,1098.6700439453125
1998-11-30,1998,11,4.74,164.1,102.7,86.4205,995.0,4.4,1163.6300048828125
1998-12-31,1998,12,4.65,164.4,100.5,86.9349,949.0,4.4,1229.22998046875
1999-01-31,1999,1,4.66,164.7,103.9,87.181,875.0,4.3,1279.6400146484375
1999-02-28,1999,2,5.29,164.7,108.1,87.9842,848.0,4.4,1238.3299560546875
1999-03-31,1999,3,5.25,164.8,105.7,87.9655,863.0,4.2,1286.3699951171875
1999-04-30,1999,4,5.36,165.9,104.6,88.3045,918.0,4.3,1335.1800537109375
1999-05-31,1999,5,5.64,166.0,106.8,89.0393,888.0,4.2,1301.8399658203125
1999-06-30,1999,6,5.81,166.0,107.3,88.8312,923.0,4.3,1372.7099609375
1999-07-31,1999,7,5.92,166.7,106.0,89.2667,900.0,4.3,1328.719970703125
1999-08-31,1999,8,5.98,167.1,104.5,89.7249,893.0,4.2,1320.4100341796875
1999-09-30,1999,9,5.9,167.8,107.2,89.3148,826.0,4.2,1282.7099609375
1999-10-31,1999,10,6.02,168.1,103.2,90.6741,872.0,4.1,1362.9300537109375
1999-11-30,1999,11,6.18,168.4,107.2,91.2832,863.0,4.1,1388.9100341796875
1999-12-31,1999,12,6.45,168.8,105.4,91.9555,873.0,4.0,1469.25
2000-01-31,2000,1,6.68,169.3,112.0,92.0231,873.0,4.0,1394.4599609375
2000-02-29,2000,2,6.42,170.0,111.3,92.2694,856.0,4.1,1366.4200439453125
2000-03-31,2000,3,6.03,171.0,107.1,92.9096,900.0,4.0,1498.5799560546875
2000-04-30,2000,4,6.23,170.9,109.2,93.5374,841.0,3.8,1452.4300537109375
2000-05-31,2000,5,6.29,171.2,110.7,93.5876,857.0,4.0,1420.5999755859375
2000-06-30,2000,6,6.03,172.2,106.4,93.7401,793.0,4.0,1454.5999755859375
2000-07-31,2000,7,6.04,172.7,108.3,93.8396,887.0,4.0,1430.8299560546875
2000-08-31,2000,8,5.73,172.7,107.3,93.2373,848.0,4.1,1517.6800537109375
2000-09-30,2000,9,5.8,173.6,106.8,93.6927,912.0,3.9,1436.510009765625
2000-10-31,2000,10,5.77,173.9,105.8,93.4148,933.0,3.9,1429.4000244140625
2000-11-30,2000,11,5.48,174.2,107.6,93.1767,880.0,3.9,1314.949951171875
2000-12-31,2000,12,5.12,174.6,98.4,92.6178,983.0,3.9,1320.280029296875
2001-01-31,2001,1,5.19,175.6,94.7,92.2481,936.0,4.2,1366.010009765625
2001-02-28,2001,2,4.92,176.0,90.6,91.7407,963.0,4.2,1239.93994140625
2001-03-31,2001,3,4.93,176.1,91.5,91.5497,939.0,4.3,1160.3299560546875
2001-04-30,2001,4,5.35,176.4,88.4,91.1555,909.0,4.4,1249.4599609375
2001-05-31,2001,5,5.43,177.3,92.0,90.589,885.0,4.3,1255.8199462890625
2001-06-30,2001,6,5.42,177.7,92.6,90.0147,882.0,4.5,1224.3800048828125
2001-07-31,2001,7,5.07,177.4,92.4,89.495,880.0,4.6,1211.22998046875
2001-08-31,2001,8,4.85,177.4,91.5,89.1489,866.0,4.9,1133.5799560546875
2001-09-30,2001,9,4.6,178.1,81.8,88.8064,853.0,5.0,1040.93994140625
2001-10-31,2001,10,4.3,177.6,82.7,88.404,871.0,5.3,1059.780029296875
2001-11-30,2001,11,4.78,177.5,83.9,88.119,924.0,5.5,1139.449951171875
2001-12-31,2001,12,5.07,177.4,88.8,88.2783,979.0,5.7,1148.0799560546875
2002-01-31,2002,1,5.07,177.7,93.0,88.9141,880.0,5.7,1130.199951171875
2002-02-28,2002,2,4.88,178.0,90.7,88.9504,948.0,5.7,1106.72998046875
2002-03-31,2002,3,5.42,178.5,95.7,89.6409,923.0,5.7,1147.3900146484375
2002-04-30,2002,4,5.11,179.3,93.0,89.9445,936.0,5.9,1076.9200439453125
2002-05-31,2002,5,5.08,179.5,96.9,90.4504,978.0,5.8,1067.1400146484375
2002-06-30,2002,6,4.86,179.6,92.4,91.378,957.0,5.8,989.8200073242188
2002-07-31,2002,7,4.51,180.0,88.1,91.2669,956.0,5.8,911.6199951171875
2002-08-31,2002,8,4.14,180.5,87.6,91.3572,1014.0,5.7,916.0700073242188
2002-09-30,2002,9,3.63,180.8,86.1,91.4502,1044.0,5.7,815.280029296875
2002-10-31,2002,10,3.93,181.2,80.6,91.1567,1006.0,5.7,885.760009765625
2002-11-30,2002,11,4.22,181.5,84.2,91.6439,1024.0,5.9,936.3099975585938
2002-12-31,2002,12,3.83,181.8,86.7,90.9979,1048.0,6.0,879.8200073242188
2003-01-31,2003,1,4.0,182.6,82.4,91.7826,999.0,5.8,855.7000122070312
2003-02-28,2003,2,3.71,183.6,79.9,91.6795,936.0,5.9,841.1500244140625
2003-03-31,2003,3,3.83,183.9,77.6,91.8032,999.0,5.9,848.1799926757812
2003-04-30,2003,4,3.89,183.2,86.0,91.1426,1012.0,6.0,916.9199829101562
2003-05-31,2003,5,3.37,182.9,92.1,91.2028,1078.0,6.1,963.5900268554688
2003-06-30,2003,6,3.54,183.1,89.7,91.6245,1193.0,6.3,974.5
2003-07-31,2003,7,4.49,183.7,90.9,91.9855,1168.0,6.2,990.3099975585938
2003-08-31,2003,8,4.45,184.5,89.3,91.6241,1206.0,6.1,1008.010009765625
2003-09-30,2003,9,3.96,185.1,87.7,92.4506,1131.0,6.1,995.969970703125
2003-10-31,2003,10,4.33,184.9,89.6,92.5302,1144.0,6.0,1050.7099609375
2003-11-30,2003,11,4.34,185.0,93.7,93.3888,1093.0,5.8,1058.199951171875
2003-12-31,2003,12,4.27,185.5,92.6,93.3115,1129.0,5.7,1111.9200439453125
2004-01-31,2004,1,4.16,186.3,103.8,93.2407,1165.0,5.7,1131.1300048828125
2004-02-29,2004,2,3.99,186.7,94.4,93.9273,1159.0,5.6,1144.93994140625
2004-03-31,2004,3,3.86,187.1,95.8,93.9041,1276.0,5.8,1126.2099609375
2004-04-30,2004,4,4.53,187.4,94.2,94.2181,1186.0,5.6,1107.300048828125
2004-05-31,2004,5,4.66,188.2,90.2,94.899,1241.0,5.6,1120.6800537109375
2004-06-30,2004,6,4.62,188.9,95.6,94.1799,1180.0,5.6,1140.8399658203125
2004-07-31,2004,7,4.5,189.1,96.7,95.0098,1088.0,5.5,1101.719970703125
2004-08-31,2004,8,4.13,189.2,95.9,95.4444,1175.0,5.4,1104.239990234375
2004-09-30,2004,9,4.14,189.8,94.2,95.5293,1214.0,5.4,1114.5799560546875
2004-10-31,2004,10,4.05,190.8,91.7,96.5328,1305.0,5.5,1130.199951171875
2004-11-30,2004,11,4.36,191.7,92.8,96.5224,1179.0,5.4,1173.8199462890625
2004-12-31,2004,12,4.24,191.7,97.1,97.3135,1242.0,5.4,1211.9200439453125
2005-01-31,2005,1,4.14,191.6,95.5,97.9336,1203.0,5.3,1181.27001953125
2005-02-28,2005,2,4.36,192.4,94.1,98.8203,1319.0,5.4,1203.5999755859375
2005-03-31,2005,3,4.5,193.1,92.6,98.3527,1328.0,5.2,1180.5899658203125
2005-04-30,2005,4,4.21,193.7,87.7,98.7592,1260.0,5.2,1156.8499755859375
2005-05-31,2005,5,4.0,193.6,86.9,99.0268,1286.0,5.1,1191.5
2005-06-30,2005,6,3.94,193.7,96.0,99.2885,1274.0,5.0,1191.3299560546875
2005-07-31,2005,7,4.28,194.9,96.5,98.9319,1389.0,5.0,1234.1800537109375
2005-08-31,2005,8,4.02,196.1,89.1,99.4814,1255.0,4.9,1220.3299560546875
2005-09-30,2005,9,4.34,198.8,76.9,98.3307,1244.0,5.0,1228.81005859375
2005-10-31,2005,10,4.57,199.1,74.2,99.82,1336.0,5.0,1207.010009765625
2005-11-30,2005,11,4.49,198.1,81.6,100.7526,1214.0,5.0,1249.47998046875
2005-12-31,2005,12,4.39,198.1,91.5,100.8737,1239.0,4.9,1248.2900390625
2006-01-31,2006,1,4.53,199.3,91.2,101.6659,1174.0,4.7,1280.0799560546875
2006-02-28,2006,2,4.55,199.4,86.7,101.3841,1061.0,4.8,1280.6600341796875
2006-03-31,2006,3,4.86,199.7,88.9,101.3049,1116.0,4.7,1294.8699951171875
2006-04-30,2006,4,5.07,200.7,87.4,101.6621,1123.0,4.7,1310.6099853515625
2006-05-31,2006,5,5.12,201.3,79.1,101.451,1086.0,4.6,1270.0899658203125
2006-06-30,2006,6,5.15,201.8,84.9,101.8193,1074.0,4.6,1270.199951171875
2006-07-31,2006,7,4.99,202.9,84.7,101.5314,965.0,4.7,1276.6600341796875
2006-08-31,2006,8,4.74,203.8,82.0,102.345,1035.0,4.7,1303.8199462890625
2006-09-30,2006,9,4.64,202.8,85.4,102.4408,1016.0,4.5,1335.8499755859375
2006-10-31,2006,10,4.61,201.9,93.6,101.9725,941.0,4.4,1377.93994140625
2006-11-30,2006,11,4.46,202.0,92.1,102.1103,1003.0,4.5,1400.6300048828125
2006-12-31,2006,12,4.71,203.1,91.7,103.6744,998.0,4.4,1418.300048828125
2007-01-31,2007,1,4.83,203.437,96.9,103.3066,891.0,4.6,1438.239990234375
2007-02-28,2007,2,4.56,204.226,91.3,103.6888,828.0,4.5,1406.8199462890625
2007-03-31,2007,3,4.65,205.288,88.4,104.5936,833.0,4.4,1420.8599853515625
2007-04-30,2007,4,4.63,205.904,87.1,105.2765,887.0,4.5,1482.3699951171875
2007-05-31,2007,5,4.9,206.755,88.3,105.2236,842.0,4.4,1530.6199951171875
2007-06-30,2007,6,5.03,207.234,85.3,105.6354,793.0,4.6,1503.3499755859375
2007-07-31,2007,7,4.78,207.603,90.4,105.6596,778.0,4.7,1455.27001953125
2007-08-31,2007,8,4.54,207.667,83.4,105.4136,699.0,4.6,1473.989990234375
2007-09-30,2007,9,4.59,208.547,83.4,105.7843,686.0,4.7,1526.75
2007-10-31,2007,10,4.48,209.19,80.9,105.6376,727.0,4.7,1549.3800048828125
2007-11-30,2007,11,3.97,210.834,76.1,106.2478,641.0,4.7,1481.1400146484375
2007-12-31,2007,12,4.04,211.445,75.5,106.4202,619.0,5.0,1468.3599853515625
2008-01-31,2008,1,3.67,212.174,78.4,106.197,627.0,5.0,1378.550048828125
2008-02-29,2008,2,3.53,212.687,70.8,105.4342,593.0,4.9,1330.6300048828125
2008-03-31,2008,3,3.45,213.448,69.5,104.9953,535.0,5.1,1322.699951171875
2008-04-30,2008,4,3.77,213.942,62.6,103.9181,536.0,5.0,1385.5899658203125
2008-05-31,2008,5,4.06,215.208,59.8,103.352,504.0,5.4,1400.3800048828125
2008-06-30,2008,6,3.99,217.463,56.4,102.6092,487.0,5.6,1280.0
2008-07-31,2008,7,3.99,219.016,61.2,101.4802,477.0,5.8,1267.3800048828125
2008-08-31,2008,8,3.83,218.69,63.0,100.1576,435.0,6.1,1282.8299560546875
2008-09-30,2008,9,3.85,218.877,70.3,96.5984,433.0,6.1,1166.3599853515625
2008-10-31,2008,10,4.01,216.995,57.6,96.0628,393.0,6.5,968.75
2008-11-30,2008,11,2.93,213.153,55.3,93.6634,389.0,6.8,896.239990234375
2008-12-31,2008,12,2.25,211.398,60.1,90.4392,377.0,7.3,903.25
2009-01-31,2009,1,2.87,211.933,61.2,87.4945,336.0,7.8,825.8800048828125
2009-02-28,2009,2,3.02,212.705,56.3,87.4963,372.0,8.3,735.0900268554688
2009-03-31,2009,3,2.71,212.495,57.3,85.991,339.0,8.7,797.8699951171875
2009-04-30,2009,4,3.16,212.709,65.1,85.4388,337.0,9.0,872.8099975585938
2009-05-31,2009,5,3.47,213.022,68.7,84.5547,376.0,9.4,919.1400146484375
2009-06-30,2009,6,3.53,214.79,70.8,84.3589,393.0,9.5,919.3200073242188
2009-07-31,2009,7,3.52,214.726,66.0,85.8242,411.0,9.5,987.47998046875
2009-08-31,2009,8,3.4,215.445,65.7,86.8487,418.0,9.6,1020.6199951171875
2009-09-30,2009,9,3.31,215.861,73.5,87.7524,386.0,9.8,1057.0799560546875
2009-10-31,2009,10,3.41,216.509,70.6,87.7749,396.0,10.0,1036.18994140625
2009-11-30,2009,11,3.21,217.234,67.4,88.6968,375.0,9.9,1095.6300048828125
2009-12-31,2009,12,3.85,217.347,72.5,88.5461,352.0,9.9,1115.0999755859375
2010-01-31,2010,1,3.63,217.488,74.4,89.5541,345.0,9.8,1073.8699951171875
2010-02-28,2010,2,3.61,217.281,73.6,89.5639,336.0,9.8,1104.489990234375
2010-03-31,2010,3,3.84,217.353,73.6,90.7848,381.0,9.9,1169.4300537109375
2010-04-30,2010,4,3.69,217.403,72.2,91.6014,422.0,9.9,1186.68994140625
2010-05-31,2010,5,3.31,217.29,73.6,92.8207,280.0,9.6,1089.4100341796875
2010-06-30,2010,6,2.97,217.199,76.0,92.8011,305.0,9.4,1030.7099609375
2010-07-31,2010,7,2.94,217.605,67.8,93.3187,283.0,9.4,1101.5999755859375
2010-08-31,2010,8,2.47,217.923,68.9,93.5052,282.0,9.5,1049.3299560546875
2010-09-30,2010,9,2.53,218.275,68.2,93.6096,317.0,9.5,1141.199951171875
2010-10-31,2010,10,2.63,219.035,67.7,93.6585,291.0,9.4,1183.260009765625
2010-11-30,2010,11,2.81,219.59,71.6,93.7857,287.0,9.8,1180.550048828125
2010-12-31,2010,12,3.3,220.472,74.5,94.2746,326.0,9.3,1257.6400146484375
2011-01-31,2011,1,3.42,221.187,74.2,94.3843,307.0,9.1,1286.1199951171875
2011-02-28,2011,2,3.42,221.898,77.5,94.5427,270.0,9.0,1327.219970703125
2011-03-31,2011,3,3.47,223.046,67.5,95.2078,300.0,9.0,1325.8299560546875
2011-04-30,2011,4,3.32,224.093,69.8,94.64,310.0,9.1,1363.6099853515625
2011-05-31,2011,5,3.05,224.806,74.3,94.6447,305.0,9.0,1345.199951171875
2011-06-30,2011,6,3.18,224.806,71.5,94.764,301.0,9.1,1320.6400146484375
2011-07-31,2011,7,2.82,225.395,63.7,95.2936,296.0,9.0,1292.280029296875
2011-08-31,2011,8,2.23,226.106,55.8,95.7373,299.0,9.0,1218.8900146484375
2011-09-30,2011,9,1.92,226.597,59.5,95.9999,304.0,9.0,1131.4200439453125
2011-10-31,2011,10,2.17,226.75,60.8,96.5314,316.0,8.8,1253.300048828125
2011-11-30,2011,11,2.08,227.169,63.7,96.3462,328.0,8.6,1246.9599609375
2011-12-31,2011,12,1.89,227.223,69.9,96.987,341.0,8.5,1257.5999755859375
2012-01-31,2012,1,1.83,227.842,75.0,97.8931,335.0,8.3,1312.4100341796875
2012-02-29,2012,2,1.98,228.329,75.3,98.3347,366.0,8.3,1365.6800537109375
2012-03-31,2012,3,2.23,228.807,76.2,97.8101,354.0,8.2,1408.469970703125
2012-04-30,2012,4,1.95,229.187,76.4,98.3497,354.0,8.2,1397.9100341796875
2012-05-31,2012,5,1.59,228.713,79.3,98.0487,370.0,8.2,1310.3299560546875
2012-06-30,2012,6,1.67,228.524,73.2,98.404,360.0,8.2,1362.1600341796875
2012-07-31,2012,7,1.51,228.59,72.3,98.2197,369.0,8.2,1379.3199462890625
2012-08-31,2012,8,1.57,229.918,74.3,98.1211,375.0,8.1,1406.5799560546875
2012-09-30,2012,9,1.65,231.015,78.3,97.9241,385.0,7.8,1440.6700439453125
2012-10-31,2012,10,1.72,231.638,82.6,97.7459,358.0,7.8,1412.1600341796875
2012-11-30,2012,11,1.62,231.249,82.7,98.3578,392.0,7.7,1416.1800537109375
2012-12-31,2012,12,1.78,231.221,72.9,99.0949,399.0,7.9,1426.18994140625
2013-01-31,2013,1,2.02,231.679,73.8,98.8732,446.0,8.0,1498.1099853515625
2013-02-28,2013,2,1.89,232.937,77.6,99.3304,447.0,7.7,1514.6800537109375
2013-03-31,2013,3,1.87,232.282,78.6,99.274,444.0,7.5,1569.18994140625
2013-04-30,2013,4,1.7,231.797,76.4,98.9266,441.0,7.6,1597.5699462890625
2013-05-31,2013,5,2.16,231.893,84.5,99.2249,428.0,7.5,1630.739990234375
2013-06-30,2013,6,2.52,232.445,84.1,99.4585,470.0,7.5,1606.280029296875
2013-07-31,2013,7,2.6,232.9,85.1,98.5933,375.0,7.3,1685.72998046875
2013-08-31,2013,8,2.78,233.456,82.1,99.4251,381.0,7.2,1632.969970703125
2013-09-30,2013,9,2.64,233.544,77.5,99.4882,403.0,7.2,1681.550048828125
2013-10-31,2013,10,2.57,233.669,73.2,99.6624,444.0,7.2,1756.5400390625
2013-11-30,2013,11,2.75,234.1,75.1,99.6732,446.0,6.9,1805.81005859375
2013-12-31,2013,12,3.04,234.719,82.5,99.4981,433.0,6.7,1848.3599853515625
2014-01-31,2014,1,2.67,235.288,81.2,98.405,443.0,6.6,1782.5899658203125
2014-02-28,2014,2,2.66,235.547,81.6,99.3374,420.0,6.7,1859.449951171875
2014-03-31,2014,3,2.73,236.028,80.0,100.2632,405.0,6.7,1872.3399658203125
2014-04-30,2014,4,2.67,236.468,84.1,100.2376,403.0,6.2,1883.949951171875
2014-05-31,2014,5,2.48,236.918,81.9,100.5369,451.0,6.3,1923.5699462890625
2014-06-30,2014,6,2.53,237.231,82.5,100.8518,418.0,6.1,1960.22998046875
2014-07-31,2014,7,2.58,237.498,81.8,101.3151,402.0,6.2,1930.6700439453125
2014-08-31,2014,8,2.35,237.46,82.5,100.7684,456.0,6.1,2003.3699951171875
2014-09-30,2014,9,2.52,237.477,84.6,100.8476,470.0,5.9,1972.2900390625
2014-10-31,2014,10,2.35,237.43,86.9,100.7615,476.0,5.7,2018.050048828125
2014-11-30,2014,11,2.18,236.983,88.8,101.4837,442.0,5.8,2067.56005859375
2014-12-31,2014,12,2.17,236.252,93.6,101.2882,497.0,5.6,2058.89990234375
2015-01-31,2015,1,1.68,234.747,98.1,100.7044,515.0,5.7,1994.989990234375
2015-02-28,2015,2,2.0,235.342,95.4,99.9269,540.0,5.5,2104.5
2015-03-31,2015,3,1.94,235.976,93.0,100.2643,480.0,5.4,2067.889892578125
2015-04-30,2015,4,2.05,236.222,95.9,100.2283,502.0,5.4,2085.510009765625
2015-05-31,2015,5,2.12,237.001,90.7,100.2325,502.0,5.6,2107.389892578125
2015-06-30,2015,6,2.35,237.657,96.1,99.8508,480.0,5.3,2063.110107421875
2015-07-31,2015,7,2.2,238.034,93.1,100.5549,506.0,5.2,2103.840087890625
2015-08-31,2015,8,2.21,238.033,91.9,100.2821,518.0,5.1,1972.1800537109375
2015-09-30,2015,9,2.06,237.498,87.2,100.0365,456.0,5.0,1920.030029296875
2015-10-31,2015,10,2.16,237.733,90.0,99.8987,482.0,5.0,2079.360107421875
2015-11-30,2015,11,2.21,238.017,91.3,99.6076,504.0,5.1,2080.409912109375
2015-12-31,2015,12,2.27,237.761,92.6,99.3351,546.0,5.0,2043.93994140625
2016-01-31,2016,1,1.94,237.652,92.0,99.7682,505.0,4.8,1940.239990234375
2016-02-29,2016,2,1.74,237.336,91.7,99.4033,517.0,4.9,1932.22998046875
2016-03-31,2016,3,1.78,238.08,91.0,99.3585,532.0,5.0,2059.739990234375
2016-04-30,2016,4,1.83,238.992,89.0,99.1874,576.0,5.1,2065.300048828125
2016-05-31,2016,5,1.84,239.557,94.7,99.1171,571.0,4.8,2096.949951171875
2016-06-30,2016,6,1.49,240.222,93.5,99.3878,557.0,4.9,2098.860107421875
2016-07-31,2016,7,1.46,240.101,90.0,99.412,628.0,4.8,2173.60009765625
2016-08-31,2016,8,1.58,240.545,89.8,99.0898,575.0,4.9,2170.949951171875
2016-09-30,2016,9,1.6,241.176,91.2,99.2957,558.0,5.0,2168.27001953125
2016-10-31,2016,10,1.84,241.741,87.2,99.4435,575.0,4.9,2126.14990234375
2016-11-30,2016,11,2.37,242.026,93.8,99.3672,571.0,4.7,2198.81005859375
2016-12-31,2016,12,2.45,242.637,98.2,99.4003,561.0,4.7,2238.830078125
2017-01-31,2017,1,2.45,243.618,98.5,99.5906,573.0,4.7,2278.8701171875
2017-02-28,2017,2,2.36,244.006,96.3,99.5106,587.0,4.6,2363.639892578125
2017-03-31,2017,3,2.4,243.892,96.9,99.1665,632.0,4.4,2362.719970703125
2017-04-30,2017,4,2.29,244.193,97.0,100.3106,598.0,4.4,2384.199951171875
2017-05-31,2017,5,2.21,244.004,97.1,100.1435,635.0,4.4,2411.800048828125
2017-06-30,2017,6,2.31,244.163,95.0,100.1691,619.0,4.3,2423.409912109375
2017-07-31,2017,7,2.3,244.243,93.4,99.7969,572.0,4.3,2470.300048828125
2017-08-31,2017,8,2.12,245.183,96.8,99.6024,556.0,4.4,2471.64990234375
2017-09-30,2017,9,2.33,246.435,95.1,99.6423,637.0,4.3,2519.360107421875
2017-10-31,2017,10,2.38,246.626,100.7,100.6969,626.0,4.2,2575.260009765625
2017-11-30,2017,11,2.42,247.284,98.5,100.809,711.0,4.2,2647.580078125
2017-12-31,2017,12,2.4,247.805,95.9,100.5616,630.0,4.1,2673.610107421875
2018-01-31,2018,1,2.72,248.859,95.7,100.142,590.0,4.0,2823.81005859375
2018-02-28,2018,2,2.87,249.529,99.7,101.1868,618.0,4.1,2713.830078125
2018-03-31,2018,3,2.74,249.577,101.4,101.1026,679.0,4.0,2640.8701171875
2018-04-30,2018,4,2.95,250.227,98.8,101.825,642.0,4.0,2648.050048828125
2018-05-31,2018,5,2.83,250.792,98.0,100.9561,662.0,3.8,2705.27001953125
2018-06-30,2018,6,2.85,251.018,98.2,101.6835,636.0,4.0,2718.3701171875
2018-07-31,2018,7,2.96,251.214,97.9,101.6938,628.0,3.8,2816.2900390625
2018-08-31,2018,8,2.86,251.663,96.2,102.0176,593.0,3.8,2901.52001953125
2018-09-30,2018,9,3.05,252.182,100.1,102.0249,595.0,3.7,2913.97998046875
2018-10-31,2018,10,3.15,252.772,98.6,101.5511,554.0,3.8,2711.739990234375
2018-11-30,2018,11,3.01,252.594,97.5,101.278,625.0,3.8,2760.169921875
2018-12-31,2018,12,2.69,252.767,98.3,101.6213,546.0,3.9,2506.85009765625
2019-01-31,2019,1,2.63,252.718,91.2,100.7582,591.0,4.0,2704.10009765625
2019-02-28,2019,2,2.73,253.322,93.8,100.2292,638.0,3.8,2784.489990234375
2019-03-31,2019,3,2.41,254.202,98.4,99.9469,705.0,3.8,2834.39990234375
2019-04-30,2019,4,2.51,255.211,97.2,99.3231,695.0,3.6,2945.830078125
2019-05-31,2019,5,2.14,255.29,100.0,99.3831,602.0,3.7,2752.06005859375
2019-06-30,2019,6,2.0,255.159,98.2,99.7831,763.0,3.6,2941.760009765625
2019-07-31,2019,7,2.02,255.685,98.4,99.106,669.0,3.7,2980.3798828125
2019-08-31,2019,8,1.5,256.059,89.8,99.7898,720.0,3.7,2926.4599609375
2019-09-30,2019,9,1.68,256.511,93.2,99.1318,715.0,3.5,2976.739990234375
2019-10-31,2019,10,1.69,257.244,95.5,98.2088,721.0,3.6,3037.56005859375
2019-11-30,2019,11,1.78,257.803,96.8,99.1039,710.0,3.6,3140.97998046875
2019-12-31,2019,12,1.92,258.616,99.3,99.151,693.0,3.6,3230.780029296875
2020-01-31,2020,1,1.51,259.037,99.8,98.9116,685.0,3.5,3225.52001953125
2020-02-29,2020,2,1.13,259.248,101.0,99.1331,699.0,3.5,2954.219970703125
2020-03-31,2020,3,0.7,258.124,89.1,94.6074,609.0,4.4,2584.590087890625
2020-04-30,2020,4,0.64,256.092,71.8,79.9421,569.0,14.7,2912.429931640625
2020-05-31,2020,5,0.65,255.868,72.3,83.488,696.0,13.2,3044.31005859375
2020-06-30,2020,6,0.66,256.986,78.1,90.0242,936.0,11.0,3100.2900390625
2020-07-31,2020,7,0.55,258.278,72.5,93.2612,1019.0,10.2,3271.1201171875
2020-08-31,2020,8,0.72,259.411,74.1,94.5193,1029.0,8.4,3500.31005859375
2020-09-30,2020,9,0.69,260.029,80.4,94.4619,988.0,7.9,3363.0
2020-10-31,2020,10,0.88,260.286,81.8,95.2082,1027.0,6.9,3269.9599609375
2020-11-30,2020,11,0.84,260.813,76.9,95.8115,863.0,6.7,3621.6298828125
2020-12-31,2020,12,0.93,262.035,80.7,96.445,873.0,6.7,3756.070068359375
2021-01-31,2021,1,1.11,262.65,79.0,97.5098,901.0,6.3,3714.239990234375
2021-02-28,2021,2,1.44,263.638,76.8,93.5276,765.0,6.2,3811.14990234375
2021-03-31,2021,3,1.74,264.914,84.9,96.3978,850.0,6.1,3972.889892578125
2021-04-30,2021,4,1.65,266.67,88.3,96.5859,810.0,6.1,4181.169921875
2021-05-31,2021,5,1.58,268.444,82.9,97.6843,715.0,5.8,4204.10986328125
2021-06-30,2021,6,1.45,270.559,85.5,97.6806,716.0,5.9,4297.5
2021-07-31,2021,7,1.24,271.764,81.2,98.6887,760.0,5.4,4395.259765625
2021-08-31,2021,8,1.3,272.87,70.3,98.3313,690.0,5.2,4522.68017578125
2021-09-30,2021,9,1.52,274.028,72.8,97.4235,742.0,4.8,4307.5400390625
2021-10-31,2021,10,1.55,276.522,71.7,98.755,680.0,4.5,4605.3798828125
2021-11-30,2021,11,1.43,278.711,67.4,99.6404,772.0,4.2,4567.0
2021-12-31,2021,12,1.52,280.887,70.6,99.617,830.0,3.9,4766.18017578125
2022-01-31,2022,1,1.79,282.599,67.2,99.0596,810.0,4.0,4515.5498046875
2022-02-28,2022,2,1.83,284.61,62.8,100.2304,773.0,3.8,4373.93994140625
2022-03-31,2022,3,2.32,287.472,59.4,101.0107,707.0,3.6,4530.41015625
2022-04-30,2022,4,2.89,288.611,65.2,101.1941,611.0,3.6,4131.93017578125
2022-05-31,2022,5,2.85,291.268,58.4,100.863,636.0,3.6,4132.14990234375
2022-06-30,2022,6,2.98,294.728,50.0,100.4645,563.0,3.6,3785.3798828125
2022-07-31,2022,7,2.67,294.628,51.5,100.7345,543.0,3.5,4130.2900390625
2022-08-31,2022,8,3.15,295.32,58.2,100.9427,638.0,3.7,3955.0
2022-09-30,2022,9,3.83,296.539,58.6,101.1402,567.0,3.5,3585.6201171875
2022-10-31,2022,10,4.1,297.987,59.9,101.2339,577.0,3.7,3871.97998046875
2022-11-30,2022,11,3.68,298.598,56.7,100.4743,582.0,3.6,4080.110107421875
2022-12-31,2022,12,3.88,298.99,59.8,98.313,636.0,3.5,3839.5
2023-01-31,2023,1,3.52,300.536,64.9,99.924,649.0,3.4,4076.60009765625
2023-02-28,2023,2,3.92,301.648,66.9,100.2713,625.0,3.6,3970.14990234375
2023-03-31,2023,3,3.48,301.808,62.0,99.511,640.0,3.5,4109.31005859375
2023-04-30,2023,4,3.44,302.918,63.7,100.5079,679.0,3.4,4169.47998046875
2023-05-31,2023,5,3.64,303.294,59.0,100.2684,710.0,3.7,4179.830078125
2023-06-30,2023,6,3.81,303.841,64.2,99.6567,683.0,3.6,4450.3798828125
2023-07-31,2023,7,3.97,304.348,71.5,100.067,736.0,3.5,4588.9599609375
2023-08-31,2023,8,4.09,306.269,69.4,99.9799,676.0,3.8,4507.66015625
2023-09-30,2023,9,4.59,307.481,67.9,100.3412,759.0,3.8,4288.0498046875
2023-10-31,2023,10,4.86,,,,,,4117.3701171875
2023-11-30,2023,11,,,,,,,
2023-12-31,2023,12,,,,,,,
