,iso_code,date,total_cases,new_cases,total_deaths,new_deaths,icu_patients,hosp_patients
0,CAN,2020-01-23,2.0,2.0,,,,
1,CAN,2020-01-24,3.0,1.0,,,,
2,CAN,2020-01-25,3.0,0.0,,,,
3,CAN,2020-01-26,3.0,0.0,,,,
4,CAN,2020-01-27,3.0,0.0,,,,
5,CAN,2020-01-28,4.0,1.0,,,,
6,CAN,2020-01-29,4.0,0.0,,,,
7,CAN,2020-01-30,4.0,0.0,,,,
8,CAN,2020-01-31,4.0,0.0,,,,
9,CAN,2020-02-01,4.0,0.0,,,,
10,CAN,2020-02-02,4.0,0.0,,,,
11,CAN,2020-02-03,4.0,0.0,,,,
12,CAN,2020-02-04,5.0,1.0,,,,
13,CAN,2020-02-05,6.0,1.0,,,,
14,CAN,2020-02-06,6.0,0.0,,,,
15,CAN,2020-02-07,8.0,2.0,,,,
16,CAN,2020-02-08,8.0,0.0,,,,
17,CAN,2020-02-09,8.0,0.0,,,,
18,CAN,2020-02-10,9.0,1.0,,,,
19,CAN,2020-02-11,9.0,0.0,,,,
20,CAN,2020-02-12,9.0,0.0,,,,
21,CAN,2020-02-13,9.0,0.0,,,,
22,CAN,2020-02-14,9.0,0.0,,,,
23,CAN,2020-02-15,9.0,0.0,,,,
24,CAN,2020-02-16,9.0,0.0,,,,
25,CAN,2020-02-17,10.0,1.0,,,,
26,CAN,2020-02-18,10.0,0.0,,,,
27,CAN,2020-02-19,10.0,0.0,,,,
28,CAN,2020-02-20,11.0,1.0,,,,
29,CAN,2020-02-21,13.0,2.0,,,,
30,CAN,2020-02-22,14.0,1.0,,,,
31,CAN,2020-02-23,15.0,1.0,,,,
32,CAN,2020-02-24,16.0,1.0,,,,
33,CAN,2020-02-25,19.0,3.0,,,,
34,CAN,2020-02-26,20.0,1.0,,,,
35,CAN,2020-02-27,22.0,2.0,,,,
36,CAN,2020-02-28,28.0,6.0,,,,
37,CAN,2020-02-29,33.0,5.0,,,,
38,CAN,2020-03-01,38.0,5.0,,,,
39,CAN,2020-03-02,45.0,7.0,,,,
40,CAN,2020-03-03,51.0,6.0,,,,
41,CAN,2020-03-04,59.0,8.0,,,,
42,CAN,2020-03-05,71.0,12.0,,,,
43,CAN,2020-03-06,90.0,19.0,,,,
44,CAN,2020-03-07,98.0,8.0,,,,
45,CAN,2020-03-08,120.0,22.0,,,,
46,CAN,2020-03-09,144.0,24.0,1.0,1.0,,
47,CAN,2020-03-10,165.0,21.0,1.0,0.0,,
48,CAN,2020-03-11,228.0,63.0,1.0,0.0,,
49,CAN,2020-03-12,289.0,61.0,1.0,0.0,,
50,CAN,2020-03-13,386.0,97.0,1.0,0.0,,
51,CAN,2020-03-14,453.0,67.0,1.0,0.0,,
52,CAN,2020-03-15,549.0,96.0,1.0,0.0,,
53,CAN,2020-03-16,700.0,151.0,4.0,3.0,,
54,CAN,2020-03-17,854.0,154.0,6.0,2.0,,
55,CAN,2020-03-18,1097.0,243.0,11.0,5.0,,
56,CAN,2020-03-19,1349.0,252.0,12.0,1.0,,
57,CAN,2020-03-20,1692.0,343.0,15.0,3.0,,
58,CAN,2020-03-21,2195.0,503.0,18.0,3.0,,
59,CAN,2020-03-22,2652.0,457.0,22.0,4.0,,
60,CAN,2020-03-23,3298.0,646.0,29.0,7.0,,
61,CAN,2020-03-24,3997.0,699.0,34.0,5.0,,
62,CAN,2020-03-25,4570.0,573.0,47.0,13.0,,
63,CAN,2020-03-26,5511.0,941.0,59.0,12.0,,
64,CAN,2020-03-27,6380.0,869.0,66.0,7.0,,
65,CAN,2020-03-28,7310.0,930.0,83.0,17.0,,
66,CAN,2020-03-29,8246.0,936.0,98.0,15.0,,
67,CAN,2020-03-30,9478.0,1232.0,117.0,19.0,,
68,CAN,2020-03-31,10711.0,1233.0,152.0,35.0,,
69,CAN,2020-04-01,12023.0,1312.0,175.0,23.0,193.0,520.0
70,CAN,2020-04-02,13742.0,1719.0,224.0,49.0,225.0,571.0
71,CAN,2020-04-03,15074.0,1332.0,277.0,53.0,228.0,596.0
72,CAN,2020-04-04,16410.0,1336.0,360.0,83.0,233.0,668.0
73,CAN,2020-04-05,17599.0,1189.0,435.0,75.0,254.0,697.0
74,CAN,2020-04-06,19100.0,1501.0,503.0,68.0,433.0,1271.0
75,CAN,2020-04-07,20488.0,1388.0,581.0,78.0,461.0,1354.0
76,CAN,2020-04-08,21724.0,1236.0,670.0,89.0,493.0,1444.0
77,CAN,2020-04-09,23104.0,1380.0,773.0,103.0,544.0,1654.0
78,CAN,2020-04-10,24248.0,1144.0,867.0,94.0,498.0,1716.0
79,CAN,2020-04-11,25624.0,1376.0,986.0,119.0,509.0,1775.0
80,CAN,2020-04-12,26966.0,1342.0,1095.0,109.0,519.0,1832.0
81,CAN,2020-04-13,28763.0,1797.0,1225.0,130.0,500.0,1911.0
82,CAN,2020-04-14,30452.0,1689.0,1361.0,136.0,529.0,1955.0
83,CAN,2020-04-15,32199.0,1747.0,1515.0,154.0,522.0,2039.0
84,CAN,2020-04-16,33965.0,1766.0,1651.0,136.0,527.0,2074.0
85,CAN,2020-04-17,36091.0,2126.0,1798.0,147.0,525.0,2139.0
86,CAN,2020-04-18,37617.0,1526.0,1937.0,139.0,515.0,2150.0
87,CAN,2020-04-19,39317.0,1700.0,2107.0,170.0,534.0,2271.0
88,CAN,2020-04-20,41029.0,1712.0,2251.0,144.0,530.0,2343.0
89,CAN,2020-04-21,42619.0,1590.0,2412.0,161.0,524.0,2406.0
90,CAN,2020-04-22,44465.0,1846.0,2576.0,164.0,516.0,2560.0
91,CAN,2020-04-23,46274.0,1809.0,2757.0,181.0,541.0,2632.0
92,CAN,2020-04-24,47914.0,1640.0,2931.0,174.0,525.0,2689.0
93,CAN,2020-04-25,49496.0,1582.0,3112.0,181.0,525.0,2708.0
94,CAN,2020-04-26,50707.0,1211.0,3249.0,137.0,519.0,2745.0
95,CAN,2020-04-27,52363.0,1656.0,3428.0,179.0,520.0,2855.0
96,CAN,2020-04-28,53886.0,1523.0,3635.0,207.0,525.0,2899.0
97,CAN,2020-04-29,55575.0,1689.0,3843.0,208.0,510.0,2954.0
98,CAN,2020-04-30,57214.0,1639.0,4055.0,212.0,502.0,2943.0
99,CAN,2020-05-01,59025.0,1811.0,4236.0,181.0,497.0,2978.0
100,CAN,2020-05-02,60381.0,1356.0,4412.0,176.0,498.0,2991.0
101,CAN,2020-05-03,61640.0,1259.0,4558.0,146.0,491.0,3064.0
102,CAN,2020-05-04,63016.0,1376.0,4764.0,206.0,490.0,3101.0
103,CAN,2020-05-05,64411.0,1395.0,4936.0,172.0,482.0,3120.0
104,CAN,2020-05-06,65927.0,1516.0,5108.0,172.0,489.0,3103.0
105,CAN,2020-05-07,67198.0,1271.0,5256.0,148.0,466.0,3087.0
106,CAN,2020-05-08,68398.0,1200.0,5414.0,158.0,452.0,3039.0
107,CAN,2020-05-09,69544.0,1146.0,5576.0,162.0,440.0,3089.0
108,CAN,2020-05-10,70582.0,1038.0,5704.0,128.0,429.0,3089.0
109,CAN,2020-05-11,71606.0,1024.0,5836.0,132.0,417.0,3084.0
110,CAN,2020-05-12,72723.0,1117.0,5979.0,143.0,420.0,3121.0
111,CAN,2020-05-13,73950.0,1227.0,6091.0,112.0,408.0,3036.0
112,CAN,2020-05-14,75060.0,1110.0,6213.0,122.0,401.0,3064.0
113,CAN,2020-05-15,76331.0,1271.0,6337.0,124.0,395.0,3011.0
114,CAN,2020-05-16,77486.0,1155.0,6452.0,115.0,381.0,3002.0
115,CAN,2020-05-17,78694.0,1208.0,6542.0,90.0,368.0,2950.0
116,CAN,2020-05-18,79780.0,1086.0,6637.0,95.0,374.0,3028.0
117,CAN,2020-05-19,80782.0,1002.0,6714.0,77.0,371.0,2776.0
118,CAN,2020-05-20,82038.0,1256.0,6832.0,118.0,355.0,2709.0
119,CAN,2020-05-21,83153.0,1115.0,6933.0,101.0,346.0,2634.0
120,CAN,2020-05-22,84243.0,1090.0,7036.0,103.0,336.0,2567.0
121,CAN,2020-05-23,85150.0,907.0,7129.0,93.0,340.0,2525.0
122,CAN,2020-05-24,86103.0,953.0,7218.0,89.0,340.0,2483.0
123,CAN,2020-05-25,87067.0,964.0,7312.0,94.0,344.0,2524.0
124,CAN,2020-05-26,87834.0,767.0,7400.0,88.0,350.0,2473.0
125,CAN,2020-05-27,88719.0,885.0,7497.0,97.0,332.0,2421.0
126,CAN,2020-05-28,89506.0,787.0,7614.0,117.0,319.0,2323.0
127,CAN,2020-05-29,90575.0,1069.0,7714.0,100.0,304.0,2253.0
128,CAN,2020-05-30,91337.0,762.0,7772.0,58.0,304.0,2239.0
129,CAN,2020-05-31,92067.0,730.0,7828.0,56.0,302.0,2244.0
130,CAN,2020-06-01,92863.0,796.0,7875.0,47.0,300.0,2217.0
131,CAN,2020-06-02,93490.0,627.0,7926.0,51.0,301.0,2171.0
132,CAN,2020-06-03,94172.0,682.0,7982.0,56.0,284.0,2088.0
133,CAN,2020-06-04,94754.0,582.0,8047.0,65.0,265.0,1939.0
134,CAN,2020-06-05,95281.0,527.0,8092.0,45.0,261.0,1845.0
135,CAN,2020-06-06,95805.0,524.0,8152.0,60.0,262.0,1803.0
136,CAN,2020-06-07,96217.0,412.0,8193.0,41.0,252.0,1807.0
137,CAN,2020-06-08,96668.0,451.0,8239.0,46.0,249.0,1771.0
138,CAN,2020-06-09,97102.0,434.0,8275.0,36.0,252.0,1672.0
139,CAN,2020-06-10,97592.0,490.0,8305.0,30.0,249.0,1612.0
140,CAN,2020-06-11,98004.0,412.0,8337.0,32.0,237.0,1550.0
141,CAN,2020-06-12,98465.0,461.0,8367.0,30.0,227.0,1447.0
142,CAN,2020-06-13,98806.0,341.0,8395.0,28.0,203.0,1396.0
143,CAN,2020-06-14,99108.0,302.0,8418.0,23.0,199.0,1372.0
144,CAN,2020-06-15,99485.0,377.0,8445.0,27.0,193.0,1313.0
145,CAN,2020-06-16,99844.0,359.0,8464.0,19.0,182.0,1228.0
146,CAN,2020-06-17,100232.0,388.0,8485.0,21.0,166.0,1149.0
147,CAN,2020-06-18,100638.0,406.0,8495.0,10.0,159.0,1069.0
148,CAN,2020-06-19,101026.0,388.0,8519.0,24.0,158.0,981.0
149,CAN,2020-06-20,101341.0,315.0,8554.0,35.0,166.0,960.0
150,CAN,2020-06-21,101649.0,308.0,8575.0,21.0,151.0,957.0
151,CAN,2020-06-22,102004.0,355.0,8589.0,14.0,145.0,941.0
152,CAN,2020-06-23,102322.0,318.0,8613.0,24.0,142.0,923.0
153,CAN,2020-06-24,102642.0,320.0,8641.0,28.0,135.0,885.0
154,CAN,2020-06-25,102936.0,294.0,8661.0,20.0,127.0,871.0
155,CAN,2020-06-26,103263.0,327.0,8668.0,7.0,114.0,828.0
156,CAN,2020-06-27,103665.0,402.0,8680.0,12.0,110.0,825.0
157,CAN,2020-06-28,103978.0,313.0,8690.0,10.0,107.0,805.0
158,CAN,2020-06-29,104274.0,296.0,8707.0,17.0,95.0,783.0
159,CAN,2020-06-30,104608.0,334.0,8722.0,15.0,91.0,713.0
160,CAN,2020-07-01,104830.0,222.0,8732.0,10.0,87.0,704.0
161,CAN,2020-07-02,105179.0,349.0,8749.0,17.0,87.0,678.0
162,CAN,2020-07-03,105497.0,318.0,8755.0,6.0,81.0,657.0
163,CAN,2020-07-04,105725.0,228.0,8764.0,9.0,79.0,645.0
164,CAN,2020-07-05,105882.0,157.0,8769.0,5.0,73.0,645.0
165,CAN,2020-07-06,106234.0,352.0,8782.0,13.0,71.0,601.0
166,CAN,2020-07-07,106547.0,313.0,8790.0,8.0,73.0,581.0
167,CAN,2020-07-08,106868.0,321.0,8807.0,17.0,68.0,544.0
168,CAN,2020-07-09,107202.0,334.0,8818.0,11.0,72.0,564.0
169,CAN,2020-07-10,107550.0,348.0,8829.0,11.0,67.0,536.0
170,CAN,2020-07-11,107790.0,240.0,8838.0,9.0,66.0,544.0
171,CAN,2020-07-12,108004.0,214.0,8842.0,4.0,68.0,551.0
172,CAN,2020-07-13,108546.0,542.0,8850.0,8.0,71.0,523.0
173,CAN,2020-07-14,108972.0,426.0,8854.0,4.0,65.0,511.0
174,CAN,2020-07-15,109378.0,406.0,8868.0,14.0,62.0,507.0
175,CAN,2020-07-16,109860.0,482.0,8879.0,11.0,67.0,496.0
176,CAN,2020-07-17,110389.0,529.0,8892.0,13.0,65.0,492.0
177,CAN,2020-07-18,110773.0,384.0,8896.0,4.0,67.0,508.0
178,CAN,2020-07-19,111026.0,253.0,8900.0,4.0,71.0,513.0
179,CAN,2020-07-20,111821.0,795.0,8904.0,4.0,72.0,527.0
180,CAN,2020-07-21,112281.0,460.0,8909.0,5.0,74.0,546.0
181,CAN,2020-07-22,112663.0,382.0,8914.0,5.0,73.0,524.0
182,CAN,2020-07-23,113399.0,736.0,8922.0,8.0,67.0,465.0
183,CAN,2020-07-24,113836.0,437.0,8928.0,6.0,65.0,442.0
184,CAN,2020-07-25,114172.0,336.0,8931.0,3.0,63.0,426.0
185,CAN,2020-07-26,114479.0,307.0,8935.0,4.0,62.0,438.0
186,CAN,2020-07-27,115110.0,631.0,8948.0,13.0,61.0,423.0
187,CAN,2020-07-28,115487.0,377.0,8957.0,9.0,62.0,403.0
188,CAN,2020-07-29,115988.0,501.0,8962.0,5.0,71.0,415.0
189,CAN,2020-07-30,116434.0,446.0,8975.0,13.0,69.0,382.0
190,CAN,2020-07-31,116886.0,452.0,8981.0,6.0,71.0,367.0
191,CAN,2020-08-01,117140.0,254.0,8985.0,4.0,74.0,364.0
192,CAN,2020-08-02,117324.0,184.0,8988.0,3.0,76.0,363.0
193,CAN,2020-08-03,117591.0,267.0,8988.0,0.0,84.0,347.0
194,CAN,2020-08-04,118280.0,689.0,8997.0,9.0,84.0,347.0
195,CAN,2020-08-05,118638.0,358.0,9002.0,5.0,85.0,330.0
196,CAN,2020-08-06,118971.0,333.0,9009.0,7.0,81.0,299.0
197,CAN,2020-08-07,119413.0,442.0,9014.0,5.0,77.0,304.0
198,CAN,2020-08-08,119652.0,239.0,9017.0,3.0,75.0,299.0
199,CAN,2020-08-09,119875.0,223.0,9021.0,4.0,70.0,304.0
200,CAN,2020-08-10,120458.0,583.0,9028.0,7.0,67.0,281.0
201,CAN,2020-08-11,120820.0,362.0,9034.0,6.0,66.0,270.0
202,CAN,2020-08-12,121153.0,333.0,9039.0,5.0,69.0,267.0
203,CAN,2020-08-13,121647.0,494.0,9044.0,5.0,67.0,299.0
204,CAN,2020-08-14,122059.0,412.0,9048.0,4.0,66.0,267.0
205,CAN,2020-08-15,122269.0,210.0,9054.0,6.0,66.0,263.0
206,CAN,2020-08-16,122444.0,175.0,9059.0,5.0,61.0,263.0
207,CAN,2020-08-17,122648.0,204.0,9061.0,2.0,63.0,259.0
208,CAN,2020-08-18,123551.0,903.0,9074.0,13.0,63.0,256.0
209,CAN,2020-08-19,123906.0,355.0,9079.0,5.0,62.0,255.0
210,CAN,2020-08-20,124152.0,246.0,9082.0,3.0,56.0,246.0
211,CAN,2020-08-21,124857.0,705.0,9096.0,14.0,50.0,240.0
212,CAN,2020-08-22,125060.0,203.0,9097.0,1.0,45.0,230.0
213,CAN,2020-08-23,125323.0,263.0,9101.0,4.0,43.0,226.0
214,CAN,2020-08-24,126064.0,741.0,9109.0,8.0,42.0,238.0
215,CAN,2020-08-25,126435.0,371.0,9114.0,5.0,45.0,242.0
216,CAN,2020-08-26,126919.0,484.0,9118.0,4.0,50.0,261.0
217,CAN,2020-08-27,127394.0,475.0,9123.0,5.0,52.0,252.0
218,CAN,2020-08-28,127956.0,562.0,9135.0,12.0,52.0,249.0
219,CAN,2020-08-29,128283.0,327.0,9137.0,2.0,54.0,244.0
220,CAN,2020-08-30,128561.0,278.0,9139.0,2.0,58.0,261.0
221,CAN,2020-08-31,129594.0,1033.0,9147.0,8.0,60.0,268.0
222,CAN,2020-09-01,130131.0,537.0,9151.0,4.0,56.0,269.0
223,CAN,2020-09-02,130698.0,567.0,9153.0,2.0,58.0,264.0
224,CAN,2020-09-03,131350.0,652.0,9158.0,5.0,55.0,263.0
225,CAN,2020-09-04,131988.0,638.0,9158.0,0.0,58.0,248.0
226,CAN,2020-09-05,132368.0,380.0,9159.0,1.0,49.0,226.0
227,CAN,2020-09-06,132799.0,431.0,9161.0,2.0,50.0,227.0
228,CAN,2020-09-07,133216.0,417.0,9163.0,2.0,45.0,226.0
229,CAN,2020-09-08,134694.0,1478.0,9170.0,7.0,52.0,262.0
230,CAN,2020-09-09,135200.0,506.0,9174.0,4.0,52.0,269.0
231,CAN,2020-09-10,136182.0,982.0,9182.0,8.0,53.0,270.0
232,CAN,2020-09-11,136997.0,815.0,9181.0,,48.0,277.0
233,CAN,2020-09-12,137636.0,639.0,9184.0,3.0,54.0,283.0
234,CAN,2020-09-13,138212.0,576.0,9188.0,4.0,55.0,280.0
235,CAN,2020-09-14,139541.0,1329.0,9200.0,12.0,68.0,299.0
236,CAN,2020-09-15,140471.0,930.0,9207.0,7.0,74.0,307.0
237,CAN,2020-09-16,141475.0,1004.0,9212.0,5.0,84.0,320.0
238,CAN,2020-09-17,142590.0,1115.0,9219.0,7.0,80.0,328.0
239,CAN,2020-09-18,143871.0,1281.0,9229.0,10.0,82.0,331.0
240,CAN,2020-09-19,144837.0,966.0,9236.0,7.0,87.0,341.0
241,CAN,2020-09-20,145771.0,934.0,9239.0,3.0,88.0,369.0
242,CAN,2020-09-21,147451.0,1680.0,9250.0,11.0,86.0,399.0
243,CAN,2020-09-22,148664.0,1213.0,9258.0,8.0,93.0,420.0
244,CAN,2020-09-23,150089.0,1425.0,9267.0,9.0,94.0,434.0
245,CAN,2020-09-24,151519.0,1430.0,9276.0,9.0,100.0,462.0
246,CAN,2020-09-25,153313.0,1794.0,9283.0,7.0,115.0,497.0
247,CAN,2020-09-26,154946.0,1633.0,9288.0,5.0,114.0,510.0
248,CAN,2020-09-27,156404.0,1458.0,9294.0,6.0,110.0,515.0
249,CAN,2020-09-28,158607.0,2203.0,9311.0,17.0,114.0,562.0
250,CAN,2020-09-29,160539.0,1932.0,9325.0,14.0,120.0,584.0
251,CAN,2020-09-30,162560.0,2021.0,9343.0,18.0,125.0,610.0
252,CAN,2020-10-01,164444.0,1884.0,9359.0,16.0,129.0,608.0
253,CAN,2020-10-02,166611.0,2167.0,9449.0,90.0,141.0,637.0
254,CAN,2020-10-03,168372.0,1761.0,9501.0,52.0,147.0,655.0
255,CAN,2020-10-04,170033.0,1661.0,9519.0,18.0,141.0,698.0
256,CAN,2020-10-05,172452.0,2419.0,9544.0,25.0,146.0,735.0
257,CAN,2020-10-06,174611.0,2159.0,9566.0,22.0,143.0,764.0
258,CAN,2020-10-07,176719.0,2108.0,9585.0,19.0,151.0,821.0
259,CAN,2020-10-08,179121.0,2402.0,9603.0,18.0,150.0,820.0
260,CAN,2020-10-09,181576.0,2455.0,9617.0,14.0,160.0,824.0
261,CAN,2020-10-10,183330.0,1754.0,9643.0,26.0,161.0,812.0
262,CAN,2020-10-11,185227.0,1897.0,9657.0,14.0,170.0,863.0
263,CAN,2020-10-12,186752.0,1525.0,9672.0,15.0,186.0,874.0
264,CAN,2020-10-13,190222.0,3470.0,9700.0,28.0,191.0,931.0
265,CAN,2020-10-14,192761.0,2539.0,9723.0,23.0,191.0,947.0
266,CAN,2020-10-15,195254.0,2493.0,9740.0,17.0,198.0,979.0
267,CAN,2020-10-16,197694.0,2440.0,9770.0,30.0,206.0,960.0
268,CAN,2020-10-17,199477.0,1783.0,9787.0,17.0,209.0,980.0
269,CAN,2020-10-18,201410.0,1933.0,9805.0,18.0,209.0,999.0
270,CAN,2020-10-19,204551.0,3141.0,9838.0,33.0,218.0,1026.0
271,CAN,2020-10-20,207028.0,2477.0,9855.0,17.0,210.0,1038.0
272,CAN,2020-10-21,209687.0,2659.0,9893.0,38.0,225.0,1034.0
273,CAN,2020-10-22,212235.0,2548.0,9924.0,31.0,228.0,1056.0
274,CAN,2020-10-23,215340.0,3105.0,9953.0,29.0,228.0,1069.0
275,CAN,2020-10-24,217354.0,2014.0,9980.0,27.0,233.0,1103.0
276,CAN,2020-10-25,219284.0,1930.0,10009.0,29.0,232.0,1121.0
277,CAN,2020-10-26,223514.0,4230.0,10043.0,34.0,229.0,1151.0
278,CAN,2020-10-27,226263.0,2749.0,10070.0,27.0,228.0,1180.0
279,CAN,2020-10-28,229139.0,2876.0,10107.0,37.0,223.0,1166.0
280,CAN,2020-10-29,232095.0,2956.0,10140.0,33.0,227.0,1196.0
281,CAN,2020-10-30,235522.0,3427.0,10185.0,45.0,228.0,1196.0
282,CAN,2020-10-31,237844.0,2322.0,10226.0,41.0,224.0,1214.0
283,CAN,2020-11-01,240361.0,2517.0,10263.0,37.0,227.0,1259.0
284,CAN,2020-11-02,243665.0,3304.0,10292.0,29.0,229.0,1323.0
285,CAN,2020-11-03,248386.0,4721.0,10349.0,57.0,235.0,1349.0
286,CAN,2020-11-04,251245.0,2859.0,10391.0,42.0,252.0,1354.0
287,CAN,2020-11-05,255285.0,4040.0,10434.0,43.0,242.0,1391.0
288,CAN,2020-11-06,260094.0,4809.0,10490.0,56.0,254.0,1385.0
289,CAN,2020-11-07,264324.0,4230.0,10537.0,47.0,259.0,1395.0
290,CAN,2020-11-08,268276.0,3952.0,10589.0,52.0,271.0,1489.0
291,CAN,2020-11-09,273167.0,4891.0,10647.0,58.0,279.0,1528.0
292,CAN,2020-11-10,277808.0,4641.0,10709.0,62.0,300.0,1623.0
293,CAN,2020-11-11,281928.0,4120.0,10770.0,61.0,320.0,1673.0
294,CAN,2020-11-12,287419.0,5491.0,10846.0,76.0,333.0,1748.0
295,CAN,2020-11-13,292283.0,4864.0,10895.0,49.0,342.0,1771.0
296,CAN,2020-11-14,296568.0,4285.0,10958.0,63.0,363.0,1802.0
297,CAN,2020-11-15,300673.0,4105.0,11031.0,73.0,377.0,1835.0
298,CAN,2020-11-16,306491.0,5818.0,11105.0,74.0,402.0,1934.0
299,CAN,2020-11-17,310914.0,4423.0,11171.0,66.0,403.0,1980.0
300,CAN,2020-11-18,315628.0,4714.0,11273.0,102.0,423.0,1993.0
301,CAN,2020-11-19,320643.0,5015.0,11346.0,73.0,419.0,1959.0
302,CAN,2020-11-20,325716.0,5073.0,11411.0,65.0,420.0,2004.0
303,CAN,2020-11-21,330545.0,4829.0,11479.0,68.0,422.0,2068.0
304,CAN,2020-11-22,335179.0,4634.0,11537.0,58.0,443.0,2104.0
305,CAN,2020-11-23,341951.0,6772.0,11614.0,77.0,450.0,2211.0
306,CAN,2020-11-24,347381.0,5430.0,11705.0,91.0,451.0,2255.0
307,CAN,2020-11-25,353026.0,5645.0,11798.0,93.0,442.0,2287.0
308,CAN,2020-11-26,358888.0,5862.0,11884.0,86.0,455.0,2449.0
309,CAN,2020-11-27,364757.0,5869.0,11967.0,83.0,465.0,2500.0
310,CAN,2020-11-28,370341.0,5584.0,12040.0,73.0,470.0,2543.0
311,CAN,2020-11-29,375794.0,5453.0,12117.0,77.0,487.0,2598.0
312,CAN,2020-11-30,383468.0,7674.0,12223.0,106.0,519.0,2716.0
313,CAN,2020-12-01,389268.0,5800.0,12300.0,77.0,525.0,2778.0
314,CAN,2020-12-02,395636.0,6368.0,12407.0,107.0,544.0,2830.0
315,CAN,2020-12-03,402165.0,6529.0,12498.0,91.0,556.0,2904.0
316,CAN,2020-12-04,408988.0,6823.0,12594.0,96.0,556.0,2965.0
317,CAN,2020-12-05,415171.0,6183.0,12673.0,79.0,562.0,3027.0
318,CAN,2020-12-06,421102.0,5931.0,12753.0,80.0,573.0,3131.0
319,CAN,2020-12-07,428917.0,7815.0,12878.0,125.0,589.0,3194.0
320,CAN,2020-12-08,435178.0,6261.0,12974.0,96.0,602.0,3179.0
321,CAN,2020-12-09,441542.0,6364.0,13084.0,110.0,606.0,3131.0
322,CAN,2020-12-10,448106.0,6564.0,13207.0,123.0,646.0,3228.0
323,CAN,2020-12-11,455124.0,7018.0,13340.0,133.0,650.0,3207.0
324,CAN,2020-12-12,461299.0,6175.0,13437.0,97.0,659.0,3236.0
325,CAN,2020-12-13,467291.0,5992.0,13518.0,81.0,651.0,3343.0
326,CAN,2020-12-14,475836.0,8545.0,13661.0,143.0,659.0,3485.0
327,CAN,2020-12-15,482187.0,6351.0,13768.0,107.0,681.0,3448.0
328,CAN,2020-12-16,489005.0,6818.0,13896.0,128.0,697.0,3468.0
329,CAN,2020-12-17,496390.0,7385.0,14044.0,148.0,696.0,3474.0
330,CAN,2020-12-18,503584.0,7194.0,14166.0,122.0,703.0,3457.0
331,CAN,2020-12-19,509757.0,6173.0,14268.0,102.0,706.0,3505.0
332,CAN,2020-12-20,515826.0,6069.0,14357.0,89.0,701.0,3637.0
333,CAN,2020-12-21,523454.0,7628.0,14467.0,110.0,701.0,3657.0
334,CAN,2020-12-22,529978.0,6524.0,14588.0,121.0,702.0,3626.0
335,CAN,2020-12-23,536667.0,6689.0,14733.0,145.0,699.0,3587.0
336,CAN,2020-12-24,543020.0,6353.0,14877.0,144.0,694.0,3405.0
337,CAN,2020-12-25,548944.0,5924.0,14983.0,106.0,700.0,3544.0
338,CAN,2020-12-26,554321.0,5377.0,15083.0,100.0,712.0,3795.0
339,CAN,2020-12-27,559865.0,5544.0,15206.0,123.0,735.0,3888.0
340,CAN,2020-12-28,566135.0,6270.0,15318.0,112.0,744.0,4025.0
341,CAN,2020-12-29,575540.0,9405.0,15520.0,202.0,776.0,4268.0
342,CAN,2020-12-30,583254.0,7714.0,15625.0,105.0,793.0,4281.0
343,CAN,2020-12-31,590249.0,6995.0,15736.0,111.0,787.0,4218.0
344,CAN,2021-01-01,596582.0,6333.0,15819.0,83.0,778.0,4176.0
345,CAN,2021-01-02,602396.0,5814.0,15922.0,103.0,793.0,4388.0
346,CAN,2021-01-03,612021.0,9625.0,15992.0,70.0,804.0,4516.0
347,CAN,2021-01-04,621738.0,9717.0,16224.0,232.0,839.0,4593.0
348,CAN,2021-01-05,629266.0,7528.0,16370.0,146.0,852.0,4669.0
349,CAN,2021-01-06,638177.0,8911.0,16506.0,136.0,848.0,4661.0
350,CAN,2021-01-07,647408.0,9231.0,16689.0,183.0,848.0,4678.0
351,CAN,2021-01-08,656298.0,8890.0,16819.0,130.0,860.0,4637.0
352,CAN,2021-01-09,663188.0,6890.0,16949.0,130.0,856.0,4688.0
353,CAN,2021-01-10,669592.0,6404.0,17065.0,116.0,865.0,4861.0
354,CAN,2021-01-11,677012.0,7420.0,17190.0,125.0,881.0,4930.0
355,CAN,2021-01-12,683815.0,6803.0,17338.0,148.0,888.0,4920.0
356,CAN,2021-01-13,690906.0,7091.0,17519.0,181.0,903.0,4928.0
357,CAN,2021-01-14,697925.0,7019.0,17666.0,147.0,894.0,4871.0
358,CAN,2021-01-15,704874.0,6949.0,17843.0,177.0,889.0,4778.0
359,CAN,2021-01-16,710675.0,5801.0,17957.0,114.0,881.0,4719.0
360,CAN,2021-01-17,715559.0,4884.0,18097.0,140.0,878.0,4779.0
361,CAN,2021-01-18,721604.0,6045.0,18222.0,125.0,873.0,4747.0
362,CAN,2021-01-19,726920.0,5316.0,18360.0,138.0,876.0,4633.0
363,CAN,2021-01-20,732754.0,5834.0,18548.0,188.0,860.0,4564.0
364,CAN,2021-01-21,738597.0,5843.0,18688.0,140.0,849.0,4472.0
365,CAN,2021-01-22,744265.0,5668.0,18864.0,176.0,876.0,4403.0
366,CAN,2021-01-23,748567.0,4302.0,18981.0,117.0,873.0,4272.0
367,CAN,2021-01-24,752507.0,3940.0,19111.0,130.0,873.0,4286.0
368,CAN,2021-01-25,757859.0,5352.0,19237.0,126.0,850.0,4204.0
369,CAN,2021-01-26,762223.0,4364.0,19380.0,143.0,855.0,4080.0
370,CAN,2021-01-27,766674.0,4451.0,19465.0,85.0,833.0,3999.0
371,CAN,2021-01-28,771318.0,4644.0,19665.0,200.0,843.0,3931.0
372,CAN,2021-01-29,776006.0,4688.0,19802.0,137.0,812.0,3737.0
373,CAN,2021-01-30,779709.0,3703.0,19943.0,141.0,806.0,3702.0
374,CAN,2021-01-31,782912.0,3203.0,20033.0,90.0,799.0,3682.0
375,CAN,2021-02-01,786923.0,4011.0,20137.0,104.0,771.0,3506.0
376,CAN,2021-02-02,790553.0,3630.0,20214.0,77.0,759.0,3564.0
377,CAN,2021-02-03,794154.0,3601.0,20356.0,142.0,736.0,3432.0
378,CAN,2021-02-04,798083.0,3929.0,20514.0,158.0,727.0,3316.0
379,CAN,2021-02-05,802047.0,3964.0,20610.0,96.0,709.0,3182.0
380,CAN,2021-02-06,805018.0,2971.0,20703.0,93.0,717.0,3120.0
381,CAN,2021-02-07,807596.0,2578.0,20768.0,65.0,712.0,3157.0
382,CAN,2021-02-08,811102.0,3506.0,20836.0,68.0,678.0,3048.0
383,CAN,2021-02-09,814050.0,2948.0,20910.0,74.0,668.0,2969.0
384,CAN,2021-02-10,817659.0,3609.0,21005.0,95.0,644.0,2814.0
385,CAN,2021-02-11,821035.0,3376.0,21089.0,84.0,623.0,2707.0
386,CAN,2021-02-12,824345.0,3310.0,21163.0,74.0,614.0,2621.0
387,CAN,2021-02-13,826866.0,2521.0,21229.0,66.0,601.0,2605.0
388,CAN,2021-02-14,829076.0,2210.0,21294.0,65.0,606.0,2603.0
389,CAN,2021-02-15,831044.0,1968.0,21325.0,31.0,598.0,2520.0
390,CAN,2021-02-16,835022.0,3978.0,21398.0,73.0,606.0,2565.0
391,CAN,2021-02-17,837883.0,2861.0,21436.0,38.0,576.0,2467.0
392,CAN,2021-02-18,841333.0,3450.0,21499.0,63.0,562.0,2445.0
393,CAN,2021-02-19,844478.0,3145.0,21577.0,78.0,543.0,2374.0
394,CAN,2021-02-20,847051.0,2573.0,21631.0,54.0,563.0,2349.0
395,CAN,2021-02-21,849459.0,2408.0,21675.0,44.0,566.0,2412.0
396,CAN,2021-02-22,853033.0,3574.0,21724.0,49.0,567.0,2361.0
397,CAN,2021-02-23,856056.0,3023.0,21763.0,39.0,587.0,2356.0
398,CAN,2021-02-24,859115.0,3059.0,21808.0,45.0,573.0,2288.0
399,CAN,2021-02-25,862268.0,3153.0,21866.0,58.0,570.0,2260.0
400,CAN,2021-02-26,865383.0,3115.0,21916.0,50.0,554.0,2191.0
401,CAN,2021-02-27,867885.0,2502.0,21961.0,45.0,569.0,2203.0
402,CAN,2021-02-28,870022.0,2137.0,21995.0,34.0,564.0,2209.0
403,CAN,2021-03-01,873534.0,3512.0,22018.0,23.0,577.0,2185.0
404,CAN,2021-03-02,876588.0,3054.0,22046.0,28.0,560.0,2152.0
405,CAN,2021-03-03,879540.0,2952.0,22106.0,60.0,558.0,2151.0
406,CAN,2021-03-04,882779.0,3239.0,22152.0,46.0,547.0,2113.0
407,CAN,2021-03-05,886094.0,3315.0,22193.0,41.0,542.0,2098.0
408,CAN,2021-03-06,888748.0,2654.0,22214.0,21.0,534.0,2097.0
409,CAN,2021-03-07,891117.0,2369.0,22240.0,26.0,544.0,2140.0
410,CAN,2021-03-08,894883.0,3766.0,22277.0,37.0,554.0,2075.0
411,CAN,2021-03-09,897914.0,3031.0,22305.0,28.0,551.0,2140.0
412,CAN,2021-03-10,901124.0,3210.0,22336.0,31.0,546.0,2102.0
413,CAN,2021-03-11,904562.0,3438.0,22372.0,36.0,546.0,2117.0
414,CAN,2021-03-12,908333.0,3771.0,22405.0,33.0,537.0,2093.0
415,CAN,2021-03-13,911149.0,2816.0,22435.0,30.0,540.0,2134.0
416,CAN,2021-03-14,913552.0,2403.0,22464.0,29.0,562.0,2213.0
417,CAN,2021-03-15,917437.0,3885.0,22496.0,32.0,555.0,2184.0
418,CAN,2021-03-16,920915.0,3478.0,22520.0,24.0,590.0,2192.0
419,CAN,2021-03-17,924545.0,3630.0,22555.0,35.0,584.0,2221.0
420,CAN,2021-03-18,928472.0,3927.0,22591.0,36.0,588.0,2231.0
421,CAN,2021-03-19,932819.0,4347.0,22618.0,27.0,580.0,2261.0
422,CAN,2021-03-20,936138.0,3319.0,22644.0,26.0,584.0,2300.0
423,CAN,2021-03-21,939245.0,3107.0,22677.0,33.0,591.0,2313.0
424,CAN,2021-03-22,944332.0,5087.0,22717.0,40.0,622.0,2412.0
425,CAN,2021-03-23,948376.0,4044.0,22736.0,19.0,638.0,2415.0
426,CAN,2021-03-24,953373.0,4997.0,22760.0,24.0,639.0,2418.0
427,CAN,2021-03-25,958540.0,5167.0,22791.0,31.0,665.0,2497.0
428,CAN,2021-03-26,964151.0,5611.0,22827.0,36.0,675.0,2482.0
429,CAN,2021-03-27,968273.0,4122.0,22853.0,26.0,675.0,2514.0
430,CAN,2021-03-28,972301.0,4028.0,22881.0,28.0,693.0,2584.0
431,CAN,2021-03-29,978910.0,6609.0,22901.0,20.0,705.0,2651.0
432,CAN,2021-03-30,984144.0,5234.0,22927.0,26.0,712.0,2655.0
433,CAN,2021-03-31,990662.0,6518.0,22960.0,33.0,717.0,2691.0
434,CAN,2021-04-01,997016.0,6354.0,23003.0,43.0,722.0,2706.0
435,CAN,2021-04-02,1001635.0,4619.0,23031.0,28.0,754.0,2801.0
436,CAN,2021-04-03,1007597.0,5962.0,23051.0,20.0,791.0,2879.0
437,CAN,2021-04-04,1011978.0,4381.0,23075.0,24.0,819.0,2961.0
438,CAN,2021-04-05,1019494.0,7516.0,23096.0,21.0,859.0,3089.0
439,CAN,2021-04-06,1030673.0,11179.0,23142.0,46.0,856.0,3142.0
440,CAN,2021-04-07,1038829.0,8156.0,23174.0,32.0,897.0,3205.0
441,CAN,2021-04-08,1047704.0,8875.0,23212.0,38.0,919.0,3269.0
442,CAN,2021-04-09,1056897.0,9193.0,23252.0,40.0,960.0,3373.0
443,CAN,2021-04-10,1064862.0,7965.0,23288.0,36.0,996.0,3535.0
444,CAN,2021-04-11,1072047.0,7185.0,23316.0,28.0,1014.0,3668.0
445,CAN,2021-04-12,1082418.0,10371.0,23357.0,41.0,1028.0,3778.0
446,CAN,2021-04-13,1090614.0,8196.0,23393.0,36.0,1045.0,3883.0
447,CAN,2021-04-14,1099978.0,9364.0,23446.0,53.0,1070.0,3922.0
448,CAN,2021-04-15,1109734.0,9756.0,23501.0,55.0,1125.0,4038.0
449,CAN,2021-04-16,1118002.0,8268.0,23542.0,41.0,1154.0,4196.0
450,CAN,2021-04-17,1125830.0,7828.0,23592.0,50.0,1186.0,4289.0
451,CAN,2021-04-18,1133021.0,7191.0,23624.0,32.0,1216.0,4406.0
452,CAN,2021-04-19,1142625.0,9604.0,23668.0,44.0,1215.0,4420.0
453,CAN,2021-04-20,1150528.0,7903.0,23714.0,46.0,1261.0,4518.0
454,CAN,2021-04-21,1158744.0,8216.0,23764.0,50.0,1293.0,4500.0
455,CAN,2021-04-22,1167777.0,9033.0,23823.0,59.0,1308.0,4485.0
456,CAN,2021-04-23,1176003.0,8226.0,23884.0,61.0,1334.0,4458.0
457,CAN,2021-04-24,1183187.0,7184.0,23928.0,44.0,1342.0,4522.0
458,CAN,2021-04-25,1189788.0,6601.0,23966.0,38.0,1367.0,4562.0
459,CAN,2021-04-26,1198434.0,8646.0,24025.0,59.0,1365.0,4546.0
460,CAN,2021-04-27,1205937.0,7503.0,24066.0,41.0,1363.0,4516.0
461,CAN,2021-04-28,1214206.0,8269.0,24118.0,52.0,1380.0,4427.0
462,CAN,2021-04-29,1222564.0,8358.0,24170.0,52.0,1381.0,4382.0
463,CAN,2021-04-30,1230530.0,7966.0,24220.0,50.0,1386.0,4335.0
464,CAN,2021-05-01,1238296.0,7766.0,24262.0,42.0,1387.0,4387.0
465,CAN,2021-05-02,1244435.0,6139.0,24301.0,39.0,1381.0,4439.0
466,CAN,2021-05-03,1252750.0,8315.0,24342.0,41.0,1384.0,4330.0
467,CAN,2021-05-04,1259651.0,6901.0,24397.0,55.0,1375.0,4226.0
468,CAN,2021-05-05,1267370.0,7719.0,24451.0,54.0,1346.0,4165.0
469,CAN,2021-05-06,1275453.0,8083.0,24490.0,39.0,1320.0,4045.0
470,CAN,2021-05-07,1283199.0,7746.0,24530.0,40.0,1310.0,3958.0
471,CAN,2021-05-08,1289678.0,6479.0,24569.0,39.0,1300.0,3939.0
472,CAN,2021-05-09,1295213.0,5535.0,24627.0,58.0,1287.0,3996.0
473,CAN,2021-05-10,1302154.0,6941.0,24683.0,56.0,1281.0,3875.0
474,CAN,2021-05-11,1308236.0,6082.0,24715.0,32.0,1259.0,3891.0
475,CAN,2021-05-12,1314850.0,6614.0,24769.0,54.0,1262.0,3826.0
476,CAN,2021-05-13,1321202.0,6352.0,24826.0,57.0,1268.0,3811.0
477,CAN,2021-05-14,1327214.0,6012.0,24870.0,44.0,1269.0,3619.0
478,CAN,2021-05-15,1332007.0,4793.0,24909.0,39.0,1278.0,3639.0
479,CAN,2021-05-16,1336276.0,4269.0,24949.0,40.0,1268.0,3698.0
480,CAN,2021-05-17,1341268.0,4992.0,24983.0,34.0,1247.0,3561.0
481,CAN,2021-05-18,1345649.0,4381.0,25019.0,36.0,1195.0,3473.0
482,CAN,2021-05-19,1350639.0,4990.0,25067.0,48.0,1163.0,3393.0
483,CAN,2021-05-20,1355117.0,4478.0,25112.0,45.0,1140.0,3277.0
484,CAN,2021-05-21,1359588.0,4471.0,25163.0,51.0,1116.0,3260.0
485,CAN,2021-05-22,1363020.0,3432.0,25204.0,41.0,1088.0,3123.0
486,CAN,2021-05-23,1365851.0,2831.0,25232.0,28.0,1079.0,3155.0
487,CAN,2021-05-24,1368224.0,2373.0,25262.0,30.0,1073.0,3090.0
488,CAN,2021-05-25,1371721.0,3497.0,25325.0,63.0,1060.0,3004.0
489,CAN,2021-05-26,1374572.0,2851.0,25362.0,37.0,1028.0,2920.0
490,CAN,2021-05-27,1377598.0,3026.0,25412.0,50.0,1000.0,2782.0
491,CAN,2021-05-28,1380542.0,2944.0,25441.0,29.0,960.0,2637.0
492,CAN,2021-05-29,1382890.0,2348.0,25479.0,38.0,940.0,2581.0
493,CAN,2021-05-30,1384742.0,1852.0,25513.0,34.0,939.0,2527.0
494,CAN,2021-05-31,1387091.0,2349.0,25548.0,35.0,896.0,2398.0
495,CAN,2021-06-01,1388921.0,1830.0,25567.0,19.0,869.0,2351.0
496,CAN,2021-06-02,1391117.0,2196.0,25613.0,46.0,810.0,2224.0
497,CAN,2021-06-03,1393272.0,2155.0,25645.0,32.0,771.0,2099.0
498,CAN,2021-06-04,1395085.0,1813.0,25680.0,35.0,743.0,2036.0
499,CAN,2021-06-05,1396586.0,1501.0,25713.0,33.0,728.0,2025.0
500,CAN,2021-06-06,1397774.0,1188.0,25725.0,12.0,710.0,1988.0
501,CAN,2021-06-07,1399237.0,1463.0,25762.0,37.0,688.0,1931.0
502,CAN,2021-06-08,1400611.0,1374.0,25792.0,30.0,674.0,1851.0
503,CAN,2021-06-09,1402184.0,1573.0,25844.0,52.0,656.0,1785.0
504,CAN,2021-06-10,1403622.0,1438.0,25874.0,30.0,640.0,1688.0
505,CAN,2021-06-11,1404971.0,1349.0,25887.0,13.0,608.0,1614.0
506,CAN,2021-06-12,1406133.0,1162.0,25915.0,28.0,609.0,1604.0
507,CAN,2021-06-13,1407055.0,922.0,25932.0,17.0,593.0,1568.0
508,CAN,2021-06-14,1408107.0,1052.0,25946.0,14.0,563.0,1544.0
509,CAN,2021-06-15,1409077.0,970.0,25973.0,27.0,542.0,1472.0
510,CAN,2021-06-16,1410095.0,1018.0,26001.0,28.0,514.0,1388.0
511,CAN,2021-06-17,1411193.0,1098.0,26013.0,12.0,508.0,1324.0
512,CAN,2021-06-18,1412182.0,989.0,26024.0,11.0,491.0,1271.0
513,CAN,2021-06-19,1412925.0,743.0,26055.0,31.0,488.0,1237.0
514,CAN,2021-06-20,1413544.0,619.0,26077.0,22.0,478.0,1255.0
515,CAN,2021-06-21,1414228.0,684.0,26087.0,10.0,471.0,1167.0
516,CAN,2021-06-22,1414880.0,652.0,26155.0,68.0,460.0,1133.0
517,CAN,2021-06-23,1415589.0,709.0,26176.0,21.0,449.0,1087.0
518,CAN,2021-06-24,1416297.0,708.0,26193.0,17.0,420.0,1066.0
519,CAN,2021-06-25,1416935.0,638.0,26198.0,5.0,414.0,1021.0
520,CAN,2021-06-26,1417455.0,520.0,26215.0,17.0,410.0,1004.0
521,CAN,2021-06-27,1417858.0,403.0,26228.0,13.0,396.0,1001.0
522,CAN,2021-06-28,1418570.0,712.0,26239.0,11.0,377.0,980.0
523,CAN,2021-06-29,1419198.0,628.0,26275.0,36.0,374.0,936.0
524,CAN,2021-06-30,1419748.0,550.0,26296.0,21.0,360.0,898.0
525,CAN,2021-07-01,1420024.0,276.0,26315.0,19.0,349.0,852.0
526,CAN,2021-07-02,1420680.0,656.0,26339.0,24.0,333.0,830.0
527,CAN,2021-07-03,1421065.0,385.0,26349.0,10.0,314.0,812.0
528,CAN,2021-07-04,1421358.0,293.0,26361.0,12.0,309.0,810.0
529,CAN,2021-07-05,1421931.0,573.0,26369.0,8.0,302.0,800.0
530,CAN,2021-07-06,1422336.0,405.0,26382.0,13.0,288.0,790.0
531,CAN,2021-07-07,1422896.0,560.0,26388.0,6.0,279.0,780.0
532,CAN,2021-07-08,1423419.0,523.0,26406.0,18.0,275.0,723.0
533,CAN,2021-07-09,1423953.0,534.0,26420.0,14.0,272.0,701.0
534,CAN,2021-07-10,1424300.0,347.0,26429.0,9.0,275.0,714.0
535,CAN,2021-07-11,1424569.0,269.0,26437.0,8.0,279.0,701.0
536,CAN,2021-07-12,1425023.0,454.0,26440.0,3.0,259.0,680.0
537,CAN,2021-07-13,1425388.0,365.0,26451.0,11.0,249.0,662.0
538,CAN,2021-07-14,1425712.0,324.0,26459.0,8.0,237.0,645.0
539,CAN,2021-07-15,1426159.0,447.0,26473.0,14.0,224.0,626.0
540,CAN,2021-07-16,1426525.0,366.0,26490.0,17.0,211.0,595.0
541,CAN,2021-07-17,1426872.0,347.0,26494.0,4.0,209.0,602.0
542,CAN,2021-07-18,1427163.0,291.0,26501.0,7.0,210.0,607.0
543,CAN,2021-07-19,1427728.0,565.0,26505.0,4.0,205.0,586.0
544,CAN,2021-07-20,1428083.0,355.0,26509.0,4.0,213.0,570.0
545,CAN,2021-07-21,1428621.0,538.0,26513.0,4.0,214.0,565.0
546,CAN,2021-07-22,1429015.0,394.0,26527.0,14.0,209.0,545.0
547,CAN,2021-07-23,1429610.0,595.0,26540.0,13.0,196.0,511.0
548,CAN,2021-07-24,1429984.0,374.0,26545.0,5.0,188.0,509.0
549,CAN,2021-07-25,1430278.0,294.0,26549.0,4.0,191.0,528.0
550,CAN,2021-07-26,1431222.0,944.0,26553.0,4.0,189.0,514.0
551,CAN,2021-07-27,1431816.0,594.0,26561.0,8.0,185.0,494.0
552,CAN,2021-07-28,1432659.0,843.0,26571.0,10.0,188.0,499.0
553,CAN,2021-07-29,1433590.0,931.0,26577.0,6.0,183.0,496.0
554,CAN,2021-07-30,1434495.0,905.0,26593.0,16.0,171.0,487.0
555,CAN,2021-07-31,1434967.0,472.0,26599.0,6.0,160.0,475.0
556,CAN,2021-08-01,1435347.0,380.0,26601.0,2.0,162.0,482.0
557,CAN,2021-08-02,1435683.0,336.0,26602.0,1.0,168.0,487.0
558,CAN,2021-08-03,1437713.0,2030.0,26608.0,6.0,170.0,497.0
559,CAN,2021-08-04,1438806.0,1093.0,26619.0,11.0,176.0,517.0
560,CAN,2021-08-05,1440396.0,1590.0,26638.0,19.0,173.0,545.0
561,CAN,2021-08-06,1442021.0,1625.0,26655.0,17.0,177.0,516.0
562,CAN,2021-08-07,1442740.0,719.0,26664.0,9.0,175.0,529.0
563,CAN,2021-08-08,1443469.0,729.0,26670.0,6.0,172.0,514.0
564,CAN,2021-08-09,1446326.0,2857.0,26679.0,9.0,179.0,548.0
565,CAN,2021-08-10,1447743.0,1417.0,26684.0,5.0,187.0,567.0
566,CAN,2021-08-11,1449822.0,2079.0,26689.0,5.0,207.0,593.0
567,CAN,2021-08-12,1451984.0,2162.0,26693.0,4.0,204.0,619.0
568,CAN,2021-08-13,1454422.0,2438.0,26699.0,6.0,214.0,640.0
569,CAN,2021-08-14,1455494.0,1072.0,26702.0,3.0,222.0,631.0
570,CAN,2021-08-15,1456423.0,929.0,26701.0,,227.0,653.0
571,CAN,2021-08-16,1460340.0,3917.0,26705.0,4.0,243.0,711.0
572,CAN,2021-08-17,1462314.0,1974.0,26720.0,15.0,248.0,734.0
573,CAN,2021-08-18,1464910.0,2596.0,26762.0,42.0,255.0,778.0
574,CAN,2021-08-19,1467812.0,2902.0,26784.0,22.0,269.0,830.0
575,CAN,2021-08-20,1470842.0,3030.0,26790.0,6.0,272.0,878.0
576,CAN,2021-08-21,1472306.0,1464.0,26791.0,1.0,225.0,781.0
577,CAN,2021-08-22,1473497.0,1191.0,26793.0,2.0,240.0,841.0
578,CAN,2021-08-23,1478305.0,4808.0,26815.0,22.0,245.0,857.0
579,CAN,2021-08-24,1480796.0,2491.0,26849.0,34.0,333.0,1045.0
580,CAN,2021-08-25,1484267.0,3471.0,26856.0,7.0,350.0,1090.0
581,CAN,2021-08-26,1487821.0,3554.0,26865.0,9.0,365.0,1162.0
582,CAN,2021-08-27,1491589.0,3768.0,26891.0,26.0,381.0,1191.0
583,CAN,2021-08-28,1493265.0,1676.0,26899.0,8.0,380.0,1199.0
584,CAN,2021-08-29,1494699.0,1434.0,26902.0,3.0,394.0,1225.0
585,CAN,2021-08-30,1501089.0,6390.0,26919.0,17.0,411.0,1288.0
586,CAN,2021-08-31,1504281.0,3192.0,26933.0,14.0,434.0,1339.0
587,CAN,2021-09-01,1508281.0,4000.0,26963.0,30.0,449.0,1376.0
588,CAN,2021-09-02,1512341.0,4060.0,26992.0,29.0,468.0,1403.0
589,CAN,2021-09-03,1516567.0,4226.0,27007.0,15.0,482.0,1488.0
590,CAN,2021-09-04,1518280.0,1713.0,27017.0,10.0,496.0,1536.0
591,CAN,2021-09-05,1520081.0,1801.0,27022.0,5.0,516.0,1573.0
592,CAN,2021-09-06,1521585.0,1504.0,27025.0,3.0,535.0,1612.0
593,CAN,2021-09-07,1530657.0,9072.0,27068.0,43.0,556.0,1707.0
594,CAN,2021-09-08,1534594.0,3937.0,27108.0,40.0,569.0,1793.0
595,CAN,2021-09-09,1538824.0,4230.0,27135.0,27.0,579.0,1820.0
596,CAN,2021-09-10,1543470.0,4646.0,27171.0,36.0,600.0,1912.0
597,CAN,2021-09-11,1544598.0,1128.0,27187.0,16.0,451.0,1565.0
598,CAN,2021-09-12,1547391.0,2793.0,27199.0,12.0,631.0,1982.0
599,CAN,2021-09-13,1556081.0,8690.0,27239.0,40.0,657.0,1993.0
600,CAN,2021-09-14,1560385.0,4304.0,27264.0,25.0,677.0,2103.0
601,CAN,2021-09-15,1564842.0,4457.0,27306.0,42.0,678.0,2119.0
602,CAN,2021-09-16,1569479.0,4637.0,27326.0,20.0,684.0,2124.0
603,CAN,2021-09-17,1574529.0,5050.0,27371.0,45.0,672.0,2142.0
604,CAN,2021-09-18,1576527.0,1998.0,27385.0,14.0,523.0,1862.0
605,CAN,2021-09-19,1578344.0,1817.0,27396.0,11.0,537.0,1901.0
606,CAN,2021-09-20,1586910.0,8566.0,27435.0,39.0,708.0,2259.0
607,CAN,2021-09-21,1590781.0,3871.0,27489.0,54.0,728.0,2360.0
608,CAN,2021-09-22,1594918.0,4137.0,27538.0,49.0,732.0,2390.0
609,CAN,2021-09-23,1599490.0,4572.0,27582.0,44.0,743.0,2435.0
610,CAN,2021-09-24,1604017.0,4527.0,27621.0,39.0,740.0,2418.0
611,CAN,2021-09-25,1605270.0,1253.0,27636.0,15.0,594.0,2050.0
612,CAN,2021-09-26,1606382.0,1112.0,27646.0,10.0,611.0,2101.0
613,CAN,2021-09-27,1617233.0,10851.0,27700.0,54.0,751.0,2477.0
614,CAN,2021-09-28,1620860.0,3627.0,27756.0,56.0,758.0,2505.0
615,CAN,2021-09-29,1625278.0,4418.0,27820.0,64.0,763.0,2485.0
616,CAN,2021-09-30,1629026.0,3748.0,27863.0,43.0,610.0,2138.0
617,CAN,2021-10-01,1634218.0,5192.0,27922.0,59.0,744.0,2458.0
618,CAN,2021-10-02,1636090.0,1872.0,27946.0,24.0,605.0,2147.0
619,CAN,2021-10-03,1637554.0,1464.0,27954.0,8.0,603.0,2147.0
620,CAN,2021-10-04,1645467.0,7913.0,28003.0,49.0,744.0,2526.0
621,CAN,2021-10-05,1648385.0,2918.0,28051.0,48.0,743.0,2549.0
622,CAN,2021-10-06,1652230.0,3845.0,28113.0,62.0,726.0,2577.0
623,CAN,2021-10-07,1656378.0,4148.0,28142.0,29.0,729.0,2593.0
624,CAN,2021-10-08,1660492.0,4114.0,28187.0,45.0,728.0,2555.0
625,CAN,2021-10-09,1662247.0,1755.0,28196.0,9.0,716.0,2491.0
626,CAN,2021-10-10,1663816.0,1569.0,28204.0,8.0,714.0,2508.0
627,CAN,2021-10-11,1665194.0,1378.0,28216.0,12.0,694.0,2499.0
628,CAN,2021-10-12,1672232.0,7038.0,28291.0,75.0,718.0,2496.0
629,CAN,2021-10-13,1674947.0,2715.0,28370.0,79.0,710.0,2507.0
630,CAN,2021-10-14,1678302.0,3355.0,28422.0,52.0,713.0,2467.0
631,CAN,2021-10-15,1681744.0,3442.0,28469.0,47.0,705.0,2474.0
632,CAN,2021-10-16,1683342.0,1598.0,28483.0,14.0,697.0,2423.0
633,CAN,2021-10-17,1684634.0,1292.0,28494.0,11.0,706.0,2446.0
634,CAN,2021-10-18,1690009.0,5375.0,28565.0,71.0,703.0,2425.0
635,CAN,2021-10-19,1692312.0,2303.0,28604.0,39.0,676.0,2408.0
636,CAN,2021-10-20,1695100.0,2788.0,28645.0,41.0,674.0,2342.0
637,CAN,2021-10-21,1697970.0,2870.0,28668.0,23.0,639.0,2317.0
638,CAN,2021-10-22,1700545.0,2575.0,28730.0,62.0,630.0,2256.0
639,CAN,2021-10-23,1702323.0,1778.0,28746.0,16.0,634.0,2214.0
640,CAN,2021-10-24,1703819.0,1496.0,28750.0,4.0,626.0,2196.0
641,CAN,2021-10-25,1707136.0,3317.0,28806.0,56.0,616.0,2145.0
642,CAN,2021-10-26,1708966.0,1830.0,28842.0,36.0,615.0,2106.0
643,CAN,2021-10-27,1711623.0,2657.0,28882.0,40.0,613.0,2102.0
644,CAN,2021-10-28,1714281.0,2658.0,28929.0,47.0,606.0,2085.0
645,CAN,2021-10-29,1716815.0,2534.0,28953.0,24.0,604.0,2052.0
646,CAN,2021-10-30,1718603.0,1788.0,28965.0,12.0,590.0,2011.0
647,CAN,2021-10-31,1720166.0,1563.0,28970.0,5.0,580.0,2024.0
648,CAN,2021-11-01,1723169.0,3003.0,29024.0,54.0,578.0,2014.0
649,CAN,2021-11-02,1725122.0,1953.0,29057.0,33.0,563.0,2061.0
650,CAN,2021-11-03,1727519.0,2397.0,29095.0,38.0,543.0,1956.0
651,CAN,2021-11-04,1730199.0,2680.0,29115.0,20.0,525.0,1936.0
652,CAN,2021-11-05,1732770.0,2571.0,29133.0,18.0,516.0,1927.0
653,CAN,2021-11-06,1734202.0,1432.0,29140.0,7.0,504.0,1916.0
654,CAN,2021-11-07,1735435.0,1233.0,29151.0,11.0,499.0,1924.0
655,CAN,2021-11-08,1739955.0,4520.0,29194.0,43.0,496.0,1875.0
656,CAN,2021-11-09,1742460.0,2505.0,29218.0,24.0,501.0,1880.0
657,CAN,2021-11-10,1745188.0,2728.0,29251.0,33.0,485.0,1780.0
658,CAN,2021-11-11,1746806.0,1618.0,29267.0,16.0,469.0,1796.0
659,CAN,2021-11-12,1750634.0,3828.0,29310.0,43.0,472.0,1787.0
660,CAN,2021-11-13,1752129.0,1495.0,29325.0,15.0,471.0,1787.0
661,CAN,2021-11-14,1753430.0,1301.0,29338.0,13.0,476.0,1802.0
662,CAN,2021-11-15,1757456.0,4026.0,29385.0,47.0,473.0,1766.0
663,CAN,2021-11-16,1759563.0,2107.0,29404.0,19.0,451.0,1773.0
664,CAN,2021-11-17,1762176.0,2613.0,29432.0,28.0,447.0,1750.0
665,CAN,2021-11-18,1765014.0,2838.0,29463.0,31.0,445.0,1735.0
666,CAN,2021-11-19,1767769.0,2755.0,29482.0,19.0,446.0,1711.0
667,CAN,2021-11-20,1769635.0,1866.0,29492.0,10.0,445.0,1690.0
668,CAN,2021-11-21,1771105.0,1470.0,29499.0,7.0,458.0,1716.0
669,CAN,2021-11-22,1775270.0,4165.0,29527.0,28.0,449.0,1699.0
670,CAN,2021-11-23,1777648.0,2378.0,29556.0,29.0,460.0,1687.0
671,CAN,2021-11-24,1780445.0,2797.0,29581.0,25.0,452.0,1662.0
672,CAN,2021-11-25,1784842.0,4397.0,29601.0,20.0,451.0,1584.0
673,CAN,2021-11-26,1787867.0,3025.0,29619.0,18.0,446.0,1584.0
674,CAN,2021-11-27,1790069.0,2202.0,29629.0,10.0,435.0,1596.0
675,CAN,2021-11-28,1791803.0,1734.0,29634.0,5.0,444.0,1595.0
676,CAN,2021-11-29,1795577.0,3774.0,29671.0,37.0,470.0,1634.0
677,CAN,2021-11-30,1798195.0,2618.0,29688.0,17.0,458.0,1644.0
678,CAN,2021-12-01,1801612.0,3417.0,29715.0,27.0,443.0,1625.0
679,CAN,2021-12-02,1804994.0,3382.0,29738.0,23.0,435.0,1579.0
680,CAN,2021-12-03,1808630.0,3636.0,29758.0,20.0,454.0,1543.0
681,CAN,2021-12-04,1811253.0,2623.0,29767.0,9.0,446.0,1539.0
682,CAN,2021-12-05,1813563.0,2310.0,29769.0,2.0,457.0,1586.0
683,CAN,2021-12-06,1818250.0,4687.0,29801.0,32.0,446.0,1563.0
684,CAN,2021-12-07,1821505.0,3255.0,29828.0,27.0,426.0,1549.0
685,CAN,2021-12-08,1825442.0,3937.0,29853.0,25.0,430.0,1528.0
686,CAN,2021-12-09,1829958.0,4516.0,29877.0,24.0,425.0,1521.0
687,CAN,2021-12-10,1833043.0,3085.0,29901.0,24.0,420.0,1512.0
688,CAN,2021-12-11,1838786.0,5743.0,29911.0,10.0,424.0,1534.0
689,CAN,2021-12-12,1842317.0,3531.0,29920.0,9.0,439.0,1564.0
690,CAN,2021-12-13,1848420.0,6103.0,29942.0,22.0,453.0,1539.0
691,CAN,2021-12-14,1853660.0,5240.0,29970.0,28.0,453.0,1519.0
692,CAN,2021-12-15,1860841.0,7181.0,29995.0,25.0,440.0,1537.0
693,CAN,2021-12-16,1868764.0,7923.0,30013.0,18.0,424.0,1550.0
694,CAN,2021-12-17,1878782.0,10018.0,30033.0,20.0,435.0,1577.0
695,CAN,2021-12-18,1887086.0,8304.0,30041.0,8.0,453.0,1589.0
696,CAN,2021-12-19,1895472.0,8386.0,30046.0,5.0,459.0,1658.0
697,CAN,2021-12-20,1910922.0,15450.0,30064.0,18.0,468.0,1671.0
698,CAN,2021-12-21,1925063.0,14141.0,30086.0,22.0,463.0,1711.0
699,CAN,2021-12-22,1943963.0,18900.0,30114.0,28.0,455.0,1795.0
700,CAN,2021-12-23,1969928.0,25965.0,30132.0,18.0,461.0,1799.0
701,CAN,2021-12-24,1995112.0,25184.0,30146.0,14.0,451.0,1837.0
702,CAN,2021-12-25,2014138.0,19026.0,30153.0,7.0,449.0,1884.0
703,CAN,2021-12-26,2032312.0,18174.0,30163.0,10.0,476.0,2168.0
704,CAN,2021-12-27,2054700.0,22388.0,30190.0,27.0,490.0,2412.0
705,CAN,2021-12-28,2082785.0,28085.0,30219.0,29.0,476.0,2632.0
706,CAN,2021-12-29,2137845.0,55060.0,30254.0,35.0,510.0,2999.0
707,CAN,2021-12-30,2180799.0,42954.0,30281.0,27.0,533.0,3362.0
708,CAN,2021-12-31,2223735.0,42936.0,30320.0,39.0,550.0,3339.0
709,CAN,2022-01-01,2256747.0,33012.0,30340.0,20.0,574.0,3865.0
710,CAN,2022-01-02,2286735.0,29988.0,30370.0,30.0,619.0,4274.0
711,CAN,2022-01-03,2323056.0,36321.0,30400.0,30.0,645.0,4758.0
712,CAN,2022-01-04,2372323.0,49267.0,30436.0,36.0,704.0,5322.0
713,CAN,2022-01-05,2412242.0,39919.0,30525.0,89.0,739.0,5780.0
714,CAN,2022-01-06,2454121.0,41879.0,30585.0,60.0,791.0,6131.0
715,CAN,2022-01-07,2499612.0,45491.0,30668.0,83.0,865.0,6743.0
716,CAN,2022-01-08,2528644.0,29032.0,30699.0,31.0,903.0,7180.0
717,CAN,2022-01-09,2554916.0,26272.0,30765.0,66.0,914.0,7451.0
718,CAN,2022-01-10,2613377.0,58461.0,30861.0,96.0,973.0,8088.0
719,CAN,2022-01-11,2646228.0,32851.0,30957.0,96.0,1021.0,8551.0
720,CAN,2022-01-12,2681101.0,34873.0,31081.0,124.0,1029.0,8979.0
721,CAN,2022-01-13,2712688.0,31587.0,31191.0,110.0,1067.0,9342.0
722,CAN,2022-01-14,2753198.0,40510.0,31324.0,133.0,1096.0,9621.0
723,CAN,2022-01-15,2771345.0,18147.0,31465.0,141.0,1121.0,9986.0
724,CAN,2022-01-16,2786622.0,15277.0,31531.0,66.0,1124.0,10259.0
725,CAN,2022-01-17,2828029.0,41407.0,31676.0,145.0,1180.0,10588.0
726,CAN,2022-01-18,2848893.0,20864.0,31827.0,151.0,1200.0,10587.0
727,CAN,2022-01-19,2872365.0,23472.0,32006.0,179.0,1216.0,10743.0
728,CAN,2022-01-20,2895331.0,22966.0,32217.0,211.0,1198.0,10721.0
729,CAN,2022-01-21,2916524.0,21193.0,32380.0,163.0,1214.0,10651.0
730,CAN,2022-01-22,2930307.0,13783.0,32504.0,124.0,1208.0,10673.0
731,CAN,2022-01-23,2935575.0,5268.0,32560.0,56.0,1206.0,10836.0
732,CAN,2022-01-24,2955087.0,19512.0,32716.0,156.0,1233.0,11022.0
733,CAN,2022-01-25,2984054.0,28967.0,32962.0,246.0,1192.0,10734.0
734,CAN,2022-01-26,2991708.0,7654.0,33068.0,106.0,1159.0,10554.0
735,CAN,2022-01-27,3020108.0,28400.0,33368.0,300.0,1169.0,10448.0
736,CAN,2022-01-28,3036647.0,16539.0,33523.0,155.0,1166.0,10069.0
737,CAN,2022-01-29,3045083.0,8436.0,33647.0,124.0,1141.0,9911.0
738,CAN,2022-01-30,3052373.0,7290.0,33722.0,75.0,1139.0,9970.0
739,CAN,2022-01-31,3073654.0,21281.0,33870.0,148.0,1144.0,9956.0
740,CAN,2022-02-01,3085591.0,11937.0,34032.0,162.0,1099.0,9708.0
741,CAN,2022-02-02,3100943.0,15352.0,34207.0,175.0,1073.0,9394.0
742,CAN,2022-02-03,3114115.0,13172.0,34378.0,171.0,1057.0,9149.0
743,CAN,2022-02-04,3127213.0,13098.0,34537.0,159.0,1037.0,8832.0
744,CAN,2022-02-05,3133836.0,6623.0,34636.0,99.0,1003.0,8595.0
745,CAN,2022-02-06,3139239.0,5403.0,34720.0,84.0,1003.0,8591.0
746,CAN,2022-02-07,3155289.0,16050.0,34845.0,125.0,1008.0,8501.0
747,CAN,2022-02-08,3165329.0,10040.0,34969.0,124.0,976.0,8286.0
748,CAN,2022-02-09,3175654.0,10325.0,35114.0,145.0,956.0,8106.0
749,CAN,2022-02-10,3186035.0,10381.0,35231.0,117.0,920.0,7800.0
750,CAN,2022-02-11,3193438.0,7403.0,35372.0,141.0,874.0,7492.0
751,CAN,2022-02-12,3203282.0,9844.0,35481.0,109.0,846.0,7247.0
752,CAN,2022-02-13,3206897.0,3615.0,35512.0,31.0,839.0,7331.0
753,CAN,2022-02-14,3219086.0,12189.0,35614.0,102.0,805.0,7153.0
754,CAN,2022-02-15,3225542.0,6456.0,35716.0,102.0,780.0,6933.0
755,CAN,2022-02-16,3233298.0,7756.0,35829.0,113.0,767.0,6759.0
756,CAN,2022-02-17,3240493.0,7195.0,35918.0,89.0,760.0,6561.0
757,CAN,2022-02-18,3247240.0,6747.0,35997.0,79.0,730.0,6351.0
758,CAN,2022-02-19,3250784.0,3544.0,36013.0,16.0,694.0,6207.0
759,CAN,2022-02-20,3253232.0,2448.0,36042.0,29.0,680.0,6235.0
760,CAN,2022-02-21,3256889.0,3657.0,36062.0,20.0,671.0,6177.0
761,CAN,2022-02-22,3264880.0,7991.0,36159.0,97.0,659.0,6041.0
762,CAN,2022-02-23,3274692.0,9812.0,36255.0,96.0,651.0,5953.0
763,CAN,2022-02-24,3280453.0,5761.0,36332.0,77.0,627.0,5633.0
764,CAN,2022-02-25,3289085.0,8632.0,36473.0,141.0,593.0,5425.0
765,CAN,2022-02-26,3290897.0,1812.0,36507.0,34.0,581.0,5266.0
766,CAN,2022-02-27,3294481.0,3584.0,36536.0,29.0,566.0,5237.0
767,CAN,2022-02-28,3302400.0,7919.0,36594.0,58.0,570.0,5138.0
768,CAN,2022-03-01,3307510.0,5110.0,36630.0,36.0,558.0,4989.0
769,CAN,2022-03-02,3313423.0,5913.0,36726.0,96.0,547.0,4961.0
770,CAN,2022-03-03,3321778.0,8355.0,36798.0,72.0,540.0,4866.0
771,CAN,2022-03-04,3331281.0,9503.0,36909.0,111.0,513.0,4722.0
772,CAN,2022-03-05,3334478.0,3197.0,36953.0,44.0,506.0,4616.0
773,CAN,2022-03-06,3337091.0,2613.0,36983.0,30.0,508.0,4654.0
774,CAN,2022-03-07,3345546.0,8455.0,37040.0,57.0,505.0,4650.0
775,CAN,2022-03-08,3349699.0,4153.0,37095.0,55.0,492.0,4520.0
776,CAN,2022-03-09,3356440.0,6741.0,37158.0,63.0,489.0,4549.0
777,CAN,2022-03-10,3362047.0,5607.0,37211.0,53.0,467.0,4369.0
778,CAN,2022-03-11,3370105.0,8058.0,36853.0,,448.0,4258.0
779,CAN,2022-03-12,3371929.0,1824.0,36887.0,34.0,440.0,4153.0
780,CAN,2022-03-13,3373322.0,1393.0,36901.0,14.0,432.0,4154.0
781,CAN,2022-03-14,3377844.0,4522.0,36945.0,44.0,435.0,4177.0
782,CAN,2022-03-15,3386875.0,9031.0,36991.0,46.0,409.0,4131.0
783,CAN,2022-03-16,3392165.0,5290.0,37029.0,38.0,404.0,4043.0
784,CAN,2022-03-17,3396364.0,4199.0,37074.0,45.0,374.0,3941.0
785,CAN,2022-03-18,3399704.0,3340.0,37134.0,60.0,359.0,3898.0
786,CAN,2022-03-19,3402711.0,3007.0,37157.0,23.0,355.0,3878.0
787,CAN,2022-03-20,3404964.0,2253.0,37168.0,11.0,364.0,3947.0
788,CAN,2022-03-21,3413117.0,8153.0,37208.0,40.0,362.0,3990.0
789,CAN,2022-03-22,3422583.0,9466.0,37241.0,33.0,365.0,4002.0
790,CAN,2022-03-23,3429407.0,6824.0,37282.0,41.0,365.0,4010.0
791,CAN,2022-03-24,3436460.0,7053.0,37354.0,72.0,368.0,4062.0
792,CAN,2022-03-25,3445404.0,8944.0,37403.0,49.0,357.0,4025.0
793,CAN,2022-03-26,3449778.0,4374.0,37431.0,28.0,358.0,4148.0
794,CAN,2022-03-27,3453432.0,3654.0,37440.0,9.0,362.0,4234.0
795,CAN,2022-03-28,3459582.0,6150.0,37460.0,20.0,374.0,4248.0
796,CAN,2022-03-29,3470143.0,10561.0,37495.0,35.0,364.0,4363.0
797,CAN,2022-03-30,3481119.0,10976.0,37555.0,60.0,354.0,4376.0
798,CAN,2022-03-31,3489910.0,8791.0,37597.0,42.0,341.0,4526.0
799,CAN,2022-04-01,3502380.0,12470.0,37666.0,69.0,339.0,4592.0
800,CAN,2022-04-02,3509394.0,7014.0,37699.0,33.0,347.0,4694.0
801,CAN,2022-04-03,3511975.0,2581.0,37716.0,17.0,345.0,4941.0
802,CAN,2022-04-04,3512535.0,560.0,37729.0,13.0,365.0,5111.0
803,CAN,2022-04-05,3521439.0,8904.0,37772.0,43.0,358.0,5246.0
804,CAN,2022-04-06,3530991.0,9552.0,37847.0,75.0,360.0,5247.0
805,CAN,2022-04-07,3537010.0,6019.0,37904.0,57.0,373.0,5526.0
806,CAN,2022-04-08,3537010.0,0.0,37914.0,10.0,379.0,5514.0
807,CAN,2022-04-09,3552577.0,15567.0,37997.0,83.0,389.0,5686.0
808,CAN,2022-04-10,3552577.0,0.0,38012.0,15.0,390.0,5908.0
809,CAN,2022-04-11,3552709.0,132.0,38015.0,3.0,401.0,6020.0
810,CAN,2022-04-12,3552709.0,0.0,38019.0,4.0,416.0,6237.0
811,CAN,2022-04-13,3616387.0,63678.0,38159.0,140.0,420.0,6241.0
812,CAN,2022-04-14,3635332.0,18945.0,38289.0,130.0,418.0,6509.0
813,CAN,2022-04-15,3627286.0,,38329.0,40.0,443.0,6563.0
814,CAN,2022-04-16,3643973.0,16687.0,38368.0,39.0,451.0,6613.0
815,CAN,2022-04-17,3645911.0,1938.0,38390.0,22.0,444.0,6800.0
816,CAN,2022-04-18,3657885.0,11974.0,38403.0,13.0,458.0,7008.0
817,CAN,2022-04-19,3665778.0,7893.0,38428.0,25.0,454.0,7045.0
818,CAN,2022-04-20,3679211.0,13433.0,38533.0,105.0,450.0,7004.0
819,CAN,2022-04-21,3689726.0,10515.0,38654.0,121.0,428.0,7097.0
820,CAN,2022-04-22,3707016.0,17290.0,38749.0,95.0,432.0,7060.0
821,CAN,2022-04-23,3711767.0,4751.0,38807.0,58.0,455.0,7076.0
822,CAN,2022-04-24,3716424.0,4657.0,38833.0,26.0,452.0,7179.0
823,CAN,2022-04-25,3720307.0,3883.0,38848.0,15.0,453.0,7281.0
824,CAN,2022-04-26,3727897.0,7590.0,38894.0,46.0,443.0,7199.0
825,CAN,2022-04-27,3740982.0,13085.0,39008.0,114.0,454.0,7217.0
826,CAN,2022-04-28,3749479.0,8497.0,39145.0,137.0,442.0,7182.0
827,CAN,2022-04-29,3761708.0,12229.0,39229.0,84.0,415.0,7033.0
828,CAN,2022-04-30,3765164.0,3456.0,39265.0,36.0,403.0,6953.0
829,CAN,2022-05-01,3767783.0,2619.0,39288.0,23.0,434.0,7048.0
830,CAN,2022-05-02,3770449.0,2666.0,39293.0,5.0,420.0,7112.0
831,CAN,2022-05-03,3776005.0,5556.0,39337.0,44.0,420.0,7059.0
832,CAN,2022-05-04,3786803.0,10798.0,39483.0,146.0,421.0,7083.0
833,CAN,2022-05-05,3793942.0,7139.0,39642.0,159.0,399.0,6845.0
834,CAN,2022-05-06,3802912.0,8970.0,39717.0,75.0,388.0,6690.0
835,CAN,2022-05-07,3805370.0,2458.0,39772.0,55.0,377.0,6496.0
836,CAN,2022-05-08,3807514.0,2144.0,39784.0,12.0,367.0,6593.0
837,CAN,2022-05-09,3809685.0,2171.0,39788.0,4.0,356.0,6579.0
838,CAN,2022-05-10,3814073.0,4388.0,39843.0,55.0,340.0,6407.0
839,CAN,2022-05-11,3822281.0,8208.0,39978.0,135.0,344.0,6421.0
840,CAN,2022-05-12,3827766.0,5485.0,40133.0,155.0,334.0,6168.0
841,CAN,2022-05-13,3835537.0,7771.0,40218.0,85.0,319.0,5897.0
842,CAN,2022-05-14,3836335.0,798.0,40249.0,31.0,316.0,5794.0
843,CAN,2022-05-15,3836969.0,634.0,40259.0,10.0,329.0,5867.0
844,CAN,2022-05-16,3837943.0,974.0,40266.0,7.0,331.0,5834.0
845,CAN,2022-05-17,3844271.0,6328.0,40291.0,25.0,329.0,5752.0
846,CAN,2022-05-18,3850312.0,6041.0,40388.0,97.0,327.0,5719.0
847,CAN,2022-05-19,3854742.0,4430.0,40583.0,195.0,327.0,5448.0
848,CAN,2022-05-20,3860575.0,5833.0,40665.0,82.0,319.0,5004.0
849,CAN,2022-05-21,3861958.0,1383.0,40689.0,24.0,308.0,5078.0
850,CAN,2022-05-22,3863053.0,1095.0,40696.0,7.0,300.0,5047.0
851,CAN,2022-05-23,3863389.0,336.0,40698.0,2.0,295.0,5064.0
852,CAN,2022-05-24,3865444.0,2055.0,40702.0,4.0,300.0,4999.0
853,CAN,2022-05-25,3869993.0,4549.0,40795.0,93.0,296.0,4973.0
854,CAN,2022-05-26,3873780.0,3787.0,40918.0,123.0,273.0,4708.0
855,CAN,2022-05-27,3879050.0,5270.0,40968.0,50.0,250.0,4519.0
856,CAN,2022-05-28,3880240.0,1190.0,40992.0,24.0,246.0,4392.0
857,CAN,2022-05-29,3881220.0,980.0,40995.0,3.0,247.0,4452.0
858,CAN,2022-05-30,3882134.0,914.0,40996.0,1.0,245.0,4393.0
859,CAN,2022-05-31,3884160.0,2026.0,41019.0,23.0,231.0,4165.0
860,CAN,2022-06-01,3888672.0,4512.0,41104.0,85.0,228.0,4129.0
861,CAN,2022-06-02,3891759.0,3087.0,41244.0,140.0,217.0,3995.0
862,CAN,2022-06-03,3895259.0,3500.0,41272.0,28.0,201.0,3840.0
863,CAN,2022-06-04,3896919.0,1660.0,41293.0,21.0,194.0,3755.0
864,CAN,2022-06-05,3897791.0,872.0,41299.0,6.0,199.0,3729.0
865,CAN,2022-06-06,3898661.0,870.0,41301.0,2.0,196.0,3717.0
866,CAN,2022-06-07,3901597.0,2936.0,41311.0,10.0,187.0,3632.0
867,CAN,2022-06-08,3905339.0,3742.0,41346.0,35.0,190.0,3618.0
868,CAN,2022-06-09,3907653.0,2314.0,41450.0,104.0,177.0,3510.0
869,CAN,2022-06-10,3912417.0,4764.0,41508.0,58.0,176.0,3457.0
870,CAN,2022-06-11,3916335.0,3918.0,41513.0,5.0,170.0,3448.0
871,CAN,2022-06-12,3917756.0,1421.0,41517.0,4.0,168.0,3451.0
872,CAN,2022-06-13,3918616.0,860.0,41518.0,1.0,180.0,3457.0
873,CAN,2022-06-14,3921033.0,2417.0,41530.0,12.0,167.0,3311.0
874,CAN,2022-06-15,3923353.0,2320.0,41580.0,50.0,170.0,3302.0
875,CAN,2022-06-16,3926127.0,2774.0,41674.0,94.0,157.0,3259.0
876,CAN,2022-06-17,3927884.0,1757.0,41680.0,6.0,158.0,3170.0
877,CAN,2022-06-18,3931364.0,3480.0,41701.0,21.0,150.0,3161.0
878,CAN,2022-06-19,3931364.0,0.0,41705.0,4.0,159.0,3212.0
879,CAN,2022-06-20,3932637.0,1273.0,41708.0,3.0,170.0,3272.0
880,CAN,2022-06-21,3935067.0,2430.0,41718.0,10.0,168.0,3292.0
881,CAN,2022-06-22,3938040.0,2973.0,41744.0,26.0,166.0,3282.0
882,CAN,2022-06-23,3942808.0,4768.0,41808.0,64.0,167.0,3249.0
883,CAN,2022-06-24,3945083.0,2275.0,41816.0,8.0,156.0,3189.0
884,CAN,2022-06-25,3948562.0,3479.0,41835.0,19.0,154.0,3176.0
885,CAN,2022-06-26,3949244.0,682.0,41838.0,3.0,163.0,3191.0
886,CAN,2022-06-27,3950117.0,873.0,41838.0,0.0,167.0,3345.0
887,CAN,2022-06-28,3953552.0,3435.0,41850.0,12.0,168.0,3402.0
888,CAN,2022-06-29,3956171.0,2619.0,41887.0,37.0,168.0,3406.0
889,CAN,2022-06-30,3962334.0,6163.0,41952.0,65.0,178.0,3299.0
890,CAN,2022-07-01,3963763.0,1429.0,41968.0,16.0,166.0,3344.0
891,CAN,2022-07-02,3967805.0,4042.0,41982.0,14.0,166.0,3369.0
892,CAN,2022-07-03,3968731.0,926.0,41983.0,1.0,170.0,3434.0
893,CAN,2022-07-04,3969063.0,332.0,41983.0,0.0,182.0,3639.0
894,CAN,2022-07-05,3975062.0,5999.0,42006.0,23.0,188.0,3698.0
895,CAN,2022-07-06,3976097.0,1035.0,42045.0,39.0,189.0,3716.0
896,CAN,2022-07-07,3984864.0,8767.0,42115.0,70.0,201.0,3816.0
897,CAN,2022-07-08,3988430.0,3566.0,42140.0,25.0,200.0,3923.0
898,CAN,2022-07-09,3989890.0,1460.0,42150.0,10.0,211.0,3952.0
899,CAN,2022-07-10,3990961.0,1071.0,42156.0,6.0,208.0,3994.0
900,CAN,2022-07-11,3991994.0,1033.0,42163.0,7.0,214.0,4200.0
901,CAN,2022-07-12,3995331.0,3337.0,42168.0,5.0,223.0,4342.0
902,CAN,2022-07-13,4000304.0,4973.0,42212.0,44.0,218.0,4339.0
903,CAN,2022-07-14,4018403.0,18099.0,42278.0,66.0,213.0,4604.0
904,CAN,2022-07-15,4024060.0,5657.0,42328.0,50.0,202.0,4573.0
905,CAN,2022-07-16,4026044.0,1984.0,42356.0,28.0,194.0,4601.0
906,CAN,2022-07-17,4026044.0,0.0,42364.0,8.0,204.0,4752.0
907,CAN,2022-07-18,4026069.0,25.0,42364.0,0.0,229.0,4925.0
908,CAN,2022-07-19,4036848.0,10779.0,42414.0,50.0,240.0,5184.0
909,CAN,2022-07-20,4040958.0,4110.0,42466.0,52.0,238.0,5175.0
910,CAN,2022-07-21,4051382.0,10424.0,42536.0,70.0,236.0,5219.0
911,CAN,2022-07-22,4059876.0,8494.0,42668.0,132.0,245.0,5079.0
912,CAN,2022-07-23,4061530.0,1654.0,42683.0,15.0,249.0,5081.0
913,CAN,2022-07-24,4062808.0,1278.0,42691.0,8.0,250.0,5273.0
914,CAN,2022-07-25,4064084.0,1276.0,42695.0,4.0,258.0,5347.0
915,CAN,2022-07-26,4071469.0,7385.0,42739.0,44.0,276.0,5515.0
916,CAN,2022-07-27,4074977.0,3508.0,42777.0,38.0,273.0,5496.0
917,CAN,2022-07-28,4084973.0,9996.0,42905.0,128.0,283.0,5472.0
918,CAN,2022-07-29,4090442.0,5469.0,42937.0,32.0,285.0,5313.0
919,CAN,2022-07-30,4091778.0,1336.0,42949.0,12.0,285.0,5282.0
920,CAN,2022-07-31,4092722.0,944.0,42951.0,2.0,301.0,5270.0
921,CAN,2022-08-01,4093713.0,991.0,42951.0,0.0,291.0,5388.0
922,CAN,2022-08-02,4099374.0,5661.0,42969.0,18.0,299.0,5464.0
923,CAN,2022-08-03,4102536.0,3162.0,43000.0,31.0,300.0,5515.0
924,CAN,2022-08-04,4094621.0,,43066.0,66.0,275.0,5266.0
925,CAN,2022-08-05,4115965.0,21344.0,43142.0,76.0,264.0,5216.0
926,CAN,2022-08-06,4117035.0,1070.0,43154.0,12.0,264.0,5146.0
927,CAN,2022-08-07,4117788.0,753.0,43158.0,4.0,266.0,5211.0
928,CAN,2022-08-08,4118564.0,776.0,43163.0,5.0,274.0,5170.0
929,CAN,2022-08-09,4120585.0,2021.0,43188.0,25.0,262.0,5329.0
930,CAN,2022-08-10,4123562.0,2977.0,43228.0,40.0,262.0,5336.0
931,CAN,2022-08-11,4136552.0,12990.0,43408.0,180.0,262.0,5195.0
932,CAN,2022-08-12,4141368.0,4816.0,43440.0,32.0,267.0,5104.0
933,CAN,2022-08-13,4141368.0,0.0,43440.0,0.0,260.0,5131.0
934,CAN,2022-08-14,4141368.0,0.0,43440.0,0.0,257.0,5185.0
935,CAN,2022-08-15,4141368.0,0.0,43440.0,0.0,248.0,5186.0
936,CAN,2022-08-16,4148442.0,7074.0,43498.0,58.0,245.0,5275.0
937,CAN,2022-08-17,4151317.0,2875.0,43539.0,41.0,248.0,5268.0
938,CAN,2022-08-18,4160497.0,9180.0,43658.0,119.0,246.0,5254.0
939,CAN,2022-08-19,4166257.0,5760.0,43740.0,82.0,245.0,5197.0
940,CAN,2022-08-20,4167111.0,854.0,43755.0,15.0,248.0,5183.0
941,CAN,2022-08-21,4167732.0,621.0,43755.0,0.0,253.0,5256.0
942,CAN,2022-08-22,4168380.0,648.0,43756.0,1.0,255.0,5220.0
943,CAN,2022-08-23,4171952.0,3572.0,43777.0,21.0,262.0,5334.0
944,CAN,2022-08-24,4175729.0,3777.0,43859.0,82.0,263.0,5340.0
945,CAN,2022-08-25,4183162.0,7433.0,44003.0,144.0,249.0,5220.0
946,CAN,2022-08-26,4187139.0,3977.0,44049.0,46.0,249.0,5154.0
947,CAN,2022-08-27,4187887.0,748.0,44058.0,9.0,261.0,5105.0
948,CAN,2022-08-28,4188437.0,550.0,44059.0,1.0,260.0,5170.0
949,CAN,2022-08-29,4188917.0,480.0,44059.0,0.0,272.0,5133.0
950,CAN,2022-08-30,4192880.0,3963.0,44112.0,53.0,248.0,5071.0
951,CAN,2022-08-31,4194892.0,2012.0,44165.0,53.0,244.0,5069.0
952,CAN,2022-09-01,4204312.0,9420.0,44317.0,152.0,223.0,4915.0
953,CAN,2022-09-02,4207961.0,3649.0,44360.0,43.0,212.0,4764.0
954,CAN,2022-09-03,4208622.0,661.0,44364.0,4.0,211.0,4763.0
955,CAN,2022-09-04,4209096.0,474.0,44369.0,5.0,207.0,4817.0
956,CAN,2022-09-05,4209542.0,446.0,44370.0,1.0,220.0,4721.0
957,CAN,2022-09-06,4212439.0,2897.0,44379.0,9.0,218.0,4834.0
958,CAN,2022-09-07,4214431.0,1992.0,44434.0,55.0,219.0,4837.0
959,CAN,2022-09-08,4221439.0,7008.0,44545.0,111.0,214.0,4756.0
960,CAN,2022-09-09,4224759.0,3320.0,44599.0,54.0,210.0,4649.0
961,CAN,2022-09-10,4225396.0,637.0,44607.0,8.0,212.0,4604.0
962,CAN,2022-09-11,4225396.0,0.0,44607.0,0.0,211.0,4632.0
963,CAN,2022-09-12,4226515.0,1119.0,44611.0,4.0,213.0,4692.0
964,CAN,2022-09-13,4229986.0,3471.0,44646.0,35.0,225.0,4685.0
965,CAN,2022-09-14,4231064.0,1078.0,44662.0,16.0,224.0,4691.0
966,CAN,2022-09-15,4239075.0,8011.0,44919.0,257.0,228.0,4644.0
967,CAN,2022-09-16,4244008.0,4933.0,44996.0,77.0,226.0,4555.0
968,CAN,2022-09-17,4244622.0,614.0,45003.0,7.0,220.0,4500.0
969,CAN,2022-09-18,4245082.0,460.0,45011.0,8.0,226.0,4541.0
970,CAN,2022-09-19,4245666.0,584.0,45012.0,1.0,228.0,4634.0
971,CAN,2022-09-20,4249798.0,4132.0,45033.0,21.0,229.0,4674.0
972,CAN,2022-09-21,4251898.0,2100.0,45067.0,34.0,229.0,4673.0
973,CAN,2022-09-22,4259383.0,7485.0,45181.0,114.0,216.0,4691.0
974,CAN,2022-09-23,4262446.0,3063.0,45218.0,37.0,210.0,4712.0
975,CAN,2022-09-24,4263179.0,733.0,45233.0,15.0,216.0,4717.0
976,CAN,2022-09-25,4263800.0,621.0,45234.0,1.0,216.0,4725.0
977,CAN,2022-09-26,4264425.0,625.0,45236.0,2.0,227.0,4814.0
978,CAN,2022-09-27,4267612.0,3187.0,45263.0,27.0,232.0,5045.0
979,CAN,2022-09-28,4270276.0,2664.0,45304.0,41.0,230.0,5030.0
980,CAN,2022-09-29,4278430.0,8154.0,45407.0,103.0,250.0,5183.0
981,CAN,2022-09-30,4279316.0,886.0,45421.0,14.0,247.0,5128.0
982,CAN,2022-10-01,4280161.0,845.0,45430.0,9.0,241.0,5080.0
983,CAN,2022-10-02,4280759.0,598.0,45434.0,4.0,235.0,5113.0
984,CAN,2022-10-03,4283165.0,2406.0,45455.0,21.0,237.0,5324.0
985,CAN,2022-10-04,4287508.0,4343.0,45486.0,31.0,236.0,5417.0
986,CAN,2022-10-05,4288593.0,1085.0,45486.0,0.0,243.0,5422.0
987,CAN,2022-10-06,4297151.0,8558.0,45606.0,120.0,238.0,5546.0
988,CAN,2022-10-07,4300442.0,3291.0,45640.0,34.0,240.0,5104.0
989,CAN,2022-10-08,4301375.0,933.0,45646.0,6.0,238.0,5467.0
990,CAN,2022-10-09,4302006.0,631.0,45648.0,2.0,230.0,5496.0
991,CAN,2022-10-10,4302719.0,713.0,45649.0,1.0,249.0,5650.0
992,CAN,2022-10-11,4306156.0,3437.0,45662.0,13.0,261.0,5955.0
993,CAN,2022-10-12,4309992.0,3836.0,45724.0,62.0,262.0,5983.0
994,CAN,2022-10-13,4319103.0,9111.0,45833.0,109.0,272.0,6090.0
995,CAN,2022-10-14,4324361.0,5258.0,45928.0,95.0,269.0,6012.0
996,CAN,2022-10-15,4325384.0,1023.0,45936.0,8.0,271.0,5990.0
997,CAN,2022-10-16,4326086.0,702.0,45940.0,4.0,287.0,6179.0
998,CAN,2022-10-17,4326726.0,640.0,45941.0,1.0,291.0,6234.0
999,CAN,2022-10-18,4330359.0,3633.0,45978.0,37.0,286.0,6134.0
1000,CAN,2022-10-19,4332828.0,2469.0,46020.0,42.0,285.0,6152.0
1001,CAN,2022-10-20,4341692.0,8864.0,46170.0,150.0,280.0,6401.0
1002,CAN,2022-10-21,4344504.0,2812.0,46218.0,48.0,273.0,6422.0
1003,CAN,2022-10-22,4345265.0,761.0,46230.0,12.0,284.0,6330.0
1004,CAN,2022-10-23,4345847.0,582.0,46232.0,2.0,268.0,6409.0
1005,CAN,2022-10-24,4347202.0,1355.0,46319.0,87.0,277.0,6423.0
1006,CAN,2022-10-25,4351286.0,4084.0,46354.0,35.0,275.0,6389.0
1007,CAN,2022-10-26,4353606.0,2320.0,46406.0,52.0,275.0,6389.0
1008,CAN,2022-10-27,4362298.0,8692.0,46563.0,157.0,249.0,6375.0
1009,CAN,2022-10-28,4366909.0,4611.0,46657.0,94.0,253.0,6294.0
1010,CAN,2022-10-29,4367727.0,818.0,46669.0,12.0,249.0,6298.0
1011,CAN,2022-10-30,4368284.0,557.0,46672.0,3.0,245.0,6238.0
1012,CAN,2022-10-31,4368845.0,561.0,46674.0,2.0,248.0,6234.0
1013,CAN,2022-11-01,4372182.0,3337.0,46705.0,31.0,251.0,6269.0
1014,CAN,2022-11-02,4374755.0,2573.0,46747.0,42.0,249.0,6259.0
1015,CAN,2022-11-03,4383367.0,8612.0,46905.0,158.0,269.0,6275.0
1016,CAN,2022-11-04,4384773.0,1406.0,46931.0,26.0,265.0,6106.0
1017,CAN,2022-11-05,4384773.0,0.0,46931.0,0.0,270.0,6079.0
1018,CAN,2022-11-06,4384773.0,0.0,46931.0,0.0,262.0,6099.0
1019,CAN,2022-11-07,4388506.0,3733.0,46972.0,41.0,253.0,6083.0
1020,CAN,2022-11-08,4391389.0,2883.0,47030.0,58.0,271.0,6106.0
1021,CAN,2022-11-09,4393414.0,2025.0,47087.0,57.0,268.0,6100.0
1022,CAN,2022-11-10,4401096.0,7682.0,47240.0,153.0,266.0,5803.0
1023,CAN,2022-11-11,4402177.0,1081.0,47272.0,32.0,261.0,5685.0
1024,CAN,2022-11-12,4402857.0,680.0,47281.0,9.0,259.0,5649.0
1025,CAN,2022-11-13,4403371.0,514.0,47282.0,1.0,250.0,5658.0
1026,CAN,2022-11-14,4403891.0,520.0,47284.0,2.0,240.0,5638.0
1027,CAN,2022-11-15,4408841.0,4950.0,47419.0,135.0,252.0,5708.0
1028,CAN,2022-11-16,4411356.0,2515.0,47517.0,98.0,252.0,5702.0
1029,CAN,2022-11-17,4417357.0,6001.0,47661.0,144.0,245.0,5565.0
1030,CAN,2022-11-18,4418363.0,1006.0,47682.0,21.0,250.0,5475.0
1031,CAN,2022-11-19,4419028.0,665.0,47688.0,6.0,255.0,5470.0
1032,CAN,2022-11-20,4419612.0,584.0,47688.0,0.0,263.0,5506.0
1033,CAN,2022-11-21,4421434.0,1822.0,47717.0,29.0,267.0,5457.0
1034,CAN,2022-11-22,4422890.0,1456.0,47741.0,24.0,,
1035,CAN,2022-11-23,4425570.0,2680.0,47783.0,42.0,,
