,pruid,prename,report_date,numtotal_all_administered,as_of_date,numtotal_dose1_administered,numtotal_dose2_administered,numtotal_dose3_administered,numtotal_dose4_administered,updated
0,1,Canada,2021-01-19,685801,2021-01-19,253039,16193,0,0.0,1
1,1,Canada,2021-01-20,727355,2021-01-20,259348,20119,0,0.0,1
2,1,Canada,2021-01-21,766466,2021-01-21,264637,27218,0,0.0,1
3,1,Canada,2021-01-22,799783,2021-01-22,267072,31526,0,0.0,1
4,1,Canada,2021-01-23,817229,2021-01-23,268561,34012,0,0.0,1
5,1,Canada,2021-01-24,833055,2021-01-24,269409,38204,0,0.0,1
6,1,Canada,2021-01-25,855883,2021-01-25,271758,44543,0,0.0,1
7,1,Canada,2021-01-26,883878,2021-01-26,274154,51344,0,0.0,1
8,1,Canada,2021-01-27,909498,2021-01-27,279346,58415,0,0.0,1
9,1,Canada,2021-01-28,936032,2021-01-28,285653,65849,0,0.0,1
10,1,Canada,2021-01-29,955389,2021-01-29,287828,72074,0,0.0,1
11,1,Canada,2021-01-31,966089,2021-01-31,289047,73714,0,0.0,1
12,1,Canada,2021-02-01,980843,2021-02-01,289306,75222,0,0.0,1
13,1,Canada,2021-02-02,994410,2021-02-02,290183,77917,0,0.0,1
14,1,Canada,2021-02-03,1008727,2021-02-03,291333,82015,0,0.0,1
15,1,Canada,2021-02-04,1032043,2021-02-04,293778,90531,0,0.0,1
16,1,Canada,2021-02-05,1054678,2021-02-05,294740,97063,0,0.0,1
17,1,Canada,2021-02-07,1082315,2021-02-07,296026,105453,0,0.0,1
18,1,Canada,2021-02-08,1122568,2021-02-08,303559,126894,0,0.0,1
19,1,Canada,2021-02-09,1146993,2021-02-09,307914,137061,0,0.0,1
20,1,Canada,2021-02-10,1183514,2021-02-10,311257,149032,0,0.0,1
21,1,Canada,2021-02-11,1219083,2021-02-11,313160,165002,0,0.0,1
22,1,Canada,2021-02-12,1253820,2021-02-12,314924,178441,0,0.0,1
23,1,Canada,2021-02-15,1304611,2021-02-15,316203,202043,0,0.0,1
24,1,Canada,2021-02-16,1332678,2021-02-16,317241,210212,0,0.0,1
25,1,Canada,2021-02-17,1358686,2021-02-17,319625,220691,0,0.0,1
26,1,Canada,2021-02-18,1391339,2021-02-18,325648,234451,0,0.0,1
27,1,Canada,2021-02-19,1443872,2021-02-19,336321,245428,0,0.0,1
28,1,Canada,2021-02-22,1586504,2021-02-22,365461,262812,0,0.0,1
29,1,Canada,2021-02-23,1636114,2021-02-23,378506,267267,0,0.0,1
30,1,Canada,2021-02-24,1688554,2021-02-24,394307,271130,0,0.0,1
31,1,Canada,2021-02-25,1753240,2021-02-25,416897,277222,0,0.0,1
32,1,Canada,2021-02-26,1828625,2021-02-26,439676,280626,0,0.0,1
33,1,Canada,2021-03-01,1997314,2021-03-01,496250,284772,0,0.0,1
34,1,Canada,2021-03-02,2067621,2021-03-02,522879,286955,0,0.0,1
35,1,Canada,2021-03-03,2148542,2021-03-03,553813,288696,0,0.0,1
36,1,Canada,2021-03-04,2238731,2021-03-04,596780,291103,0,0.0,1
37,1,Canada,2021-03-05,2330800,2021-03-05,637261,292820,0,0.0,1
38,1,Canada,2021-03-08,2530505,2021-03-08,717556,298483,0,0.0,1
39,1,Canada,2021-03-09,2613652,2021-03-09,750099,302316,0,0.0,1
40,1,Canada,2021-03-10,2707242,2021-03-10,789276,305093,0,0.0,1
41,1,Canada,2021-03-11,2806235,2021-03-11,838494,306314,0,0.0,1
42,1,Canada,2021-03-12,2929299,2021-03-12,891975,308553,0,0.0,1
43,1,Canada,2021-03-15,3234512,2021-03-15,1013439,312675,0,0.0,1
44,1,Canada,2021-03-16,3361685,2021-03-16,1070151,314711,0,0.0,1
45,1,Canada,2021-03-17,3511761,2021-03-17,1127501,316689,0,0.0,1
46,1,Canada,2021-03-18,3671145,2021-03-18,1199594,319504,0,0.0,1
47,1,Canada,2021-03-19,3832570,2021-03-19,1257791,321734,0,0.0,1
48,1,Canada,2021-03-22,4185989,2021-03-22,1378296,325994,0,0.0,1
49,1,Canada,2021-03-23,4333604,2021-03-23,1449701,328682,0,0.0,1
50,1,Canada,2021-03-24,4510278,2021-03-24,1528228,330710,0,0.0,1
51,1,Canada,2021-03-25,4711889,2021-03-25,1620185,333532,0,0.0,1
52,1,Canada,2021-03-26,4918572,2021-03-26,1696298,335897,0,0.0,1
53,1,Canada,2021-03-29,5398452,2021-03-29,1877165,342240,0,0.0,1
54,1,Canada,2021-03-30,5586776,2021-03-30,1964790,344859,0,0.0,1
55,1,Canada,2021-03-31,5798982,2021-03-31,2048257,347853,0,0.0,1
56,1,Canada,2021-04-01,6036874,2021-04-01,2165326,351214,0,0.0,1
57,1,Canada,2021-04-06,6894607,2021-04-06,2523363,356410,0,0.0,1
58,1,Canada,2021-04-07,7126710,2021-04-07,2631179,359265,0,0.0,1
59,1,Canada,2021-04-08,7413563,2021-04-08,2765146,362404,1,0.0,1
60,1,Canada,2021-04-09,7719750,2021-04-09,3560440,792783,1,0.0,1
61,1,Canada,2021-04-12,8463951,2021-04-12,3902955,813361,1,0.0,1
62,1,Canada,2021-04-13,8743146,2021-04-13,4042251,840790,1,0.0,1
63,1,Canada,2021-04-14,9032651,2021-04-14,4181165,852880,1,0.0,1
64,1,Canada,2021-04-15,9369410,2021-04-15,4203849,880085,1,0.0,1
65,1,Canada,2021-04-16,9674970,2021-04-16,4329910,893914,1,0.0,1
66,1,Canada,2021-04-17,9900280,2021-04-17,4440189,904604,1,0.0,1
67,1,Canada,2021-04-18,10075101,2021-04-18,4527289,913130,1,0.0,1
68,1,Canada,2021-04-19,10364443,2021-04-19,4639886,925675,1,0.0,1
69,1,Canada,2021-04-20,10646113,2021-04-20,6121406,936021,1,0.0,1
70,1,Canada,2021-04-21,10954693,2021-04-21,6319520,945435,1,0.0,1
71,1,Canada,2021-04-22,11356380,2021-04-22,6567492,1003699,1,0.0,1
72,1,Canada,2021-04-23,11708057,2021-04-23,6761904,1020168,2,0.0,1
73,1,Canada,2021-04-24,11957813,2021-04-24,6886777,1029887,2,0.0,1
74,1,Canada,2021-04-25,12153664,2021-04-25,6977718,1035259,2,0.0,1
75,1,Canada,2021-04-26,12439933,2021-04-26,7181552,1051738,2,0.0,1
76,1,Canada,2021-04-27,12713778,2021-04-27,10206810,1071450,3,0.0,1
77,1,Canada,2021-04-28,12975708,2021-04-28,10419426,1087683,3,0.0,1
78,1,Canada,2021-04-29,13310266,2021-04-29,7729500,1112929,5,0.0,1
79,1,Canada,2021-04-30,13588668,2021-04-30,7891441,1129587,5,0.0,1
80,1,Canada,2021-05-01,13783845,2021-05-01,7986280,1049711,5,0.0,1
81,1,Canada,2021-05-02,13931980,2021-05-02,8059423,1051773,6,0.0,1
82,1,Canada,2021-05-03,14190708,2021-05-03,11395639,1165909,6,0.0,1
83,1,Canada,2021-05-04,14464761,2021-05-04,11620542,1185492,6,0.0,1
84,1,Canada,2021-05-05,14749158,2021-05-05,11854525,1202793,6,0.0,1
85,1,Canada,2021-05-06,15132377,2021-05-06,12166615,1227417,6,0.0,1
86,1,Canada,2021-05-07,15517426,2021-05-07,12456700,1251668,6,0.0,1
87,1,Canada,2021-05-08,15818515,2021-05-08,9215553,1101116,7,0.0,1
88,1,Canada,2021-05-09,16058279,2021-05-09,9338573,1101383,7,0.0,1
89,1,Canada,2021-05-10,16407593,2021-05-10,13065654,1297261,9,0.0,1
90,1,Canada,2021-05-11,16732305,2021-05-11,13353063,1317766,10,0.0,1
91,1,Canada,2021-05-12,17070058,2021-05-12,13720112,1339809,10,0.0,1
92,1,Canada,2021-05-13,17497297,2021-05-13,14056971,1373738,10,0.0,1
93,1,Canada,2021-05-14,17936830,2021-05-14,14381762,1407293,11,0.0,1
94,1,Canada,2021-05-15,18275854,2021-05-15,14552966,1417377,13,0.0,1
95,1,Canada,2021-05-16,18559457,2021-05-16,14694633,1422646,14,0.0,1
96,1,Canada,2021-05-17,18942134,2021-05-17,15191410,1463187,15,0.0,1
97,1,Canada,2021-05-18,19255405,2021-05-18,11235161,1494617,18,0.0,1
98,1,Canada,2021-05-19,19602436,2021-05-19,11450099,1532231,20,0.0,1
99,1,Canada,2021-05-20,20050269,2021-05-20,11711682,1583261,20,0.0,1
100,1,Canada,2021-05-21,20560344,2021-05-21,16408370,1637526,21,0.0,1
101,1,Canada,2021-05-22,20882785,2021-05-22,16561350,1657924,21,0.0,1
102,1,Canada,2021-05-23,21140097,2021-05-23,16679360,1670626,21,0.0,1
103,1,Canada,2021-05-24,21338406,2021-05-24,12323101,1704044,22,0.0,1
104,1,Canada,2021-05-25,21782558,2021-05-25,17354878,1752494,37,0.0,1
105,1,Canada,2021-05-26,22088772,2021-05-26,17578261,1801556,44,0.0,1
106,1,Canada,2021-05-27,22565823,2021-05-27,17936847,1869710,54,0.0,1
107,1,Canada,2021-05-28,23005383,2021-05-28,18232512,1945531,64,0.0,1
108,1,Canada,2021-05-29,23342049,2021-05-29,18374721,1995544,64,0.0,1
109,1,Canada,2021-05-30,23599469,2021-05-30,18469709,2029082,66,0.0,1
110,1,Canada,2021-05-31,24000993,2021-05-31,21310986,2138641,75,0.0,1
111,1,Canada,2021-06-01,24327698,2021-06-01,22086495,2230429,83,0.0,1
112,1,Canada,2021-06-02,24674091,2021-06-02,22322139,2343033,87,0.0,1
113,1,Canada,2021-06-03,25149800,2021-06-03,22647273,2495363,89,0.0,1
114,1,Canada,2021-06-04,25598875,2021-06-04,22918396,2667969,91,0.0,1
115,1,Canada,2021-06-05,25953710,2021-06-05,23055505,2792287,93,0.0,1
116,1,Canada,2021-06-06,26231003,2021-06-06,23148736,2891761,95,0.0,1
117,1,Canada,2021-06-07,26664963,2021-06-07,23543311,3110200,98,0.0,1
118,1,Canada,2021-06-08,27031229,2021-06-08,23697864,3319908,104,0.0,1
119,1,Canada,2021-06-09,27424079,2021-06-09,23848061,3563263,104,0.0,1
120,1,Canada,2021-06-10,27860989,2021-06-10,24009255,3851197,144,0.0,1
121,1,Canada,2021-06-11,28244469,2021-06-11,24130366,4113526,147,0.0,1
122,1,Canada,2021-06-12,28678798,2021-06-12,24219548,4351171,148,0.0,1
123,1,Canada,2021-06-13,28978109,2021-06-13,24348993,4639186,148,0.0,1
124,1,Canada,2021-06-14,29434844,2021-06-14,24453007,4981197,150,0.0,1
125,1,Canada,2021-06-15,29864306,2021-06-15,24557016,5306614,152,0.0,1
126,1,Canada,2021-06-16,30284567,2021-06-16,24633903,5649945,154,0.0,1
127,1,Canada,2021-06-17,30979672,2021-06-17,24865774,6113145,145,0.0,1
128,1,Canada,2021-06-18,31454307,2021-06-18,24943792,6509724,150,1.0,1
129,1,Canada,2021-06-19,31816668,2021-06-19,24992082,6732593,154,2.0,1
130,1,Canada,2021-06-20,32080609,2021-06-20,25068761,6844083,156,2.0,1
131,1,Canada,2021-06-21,32512127,2021-06-21,25115681,7395538,164,2.0,1
132,1,Canada,2021-06-22,32962884,2021-06-22,25171906,7790021,172,2.0,1
133,1,Canada,2021-06-23,33411462,2021-06-23,25219970,8190482,178,2.0,1
134,1,Canada,2021-06-24,34243718,2021-06-24,25383862,8738945,189,2.0,1
135,1,Canada,2021-06-25,34699473,2021-06-25,25441256,9257091,195,2.0,1
136,1,Canada,2021-06-26,34925263,2021-06-26,25471069,9453067,196,2.0,1
137,1,Canada,2021-06-27,35144192,2021-06-27,25493169,9649892,199,3.0,1
138,1,Canada,2021-06-28,36053711,2021-06-28,25585524,10466941,205,5.0,1
139,1,Canada,2021-06-29,36571493,2021-06-29,25622688,10939524,209,5.0,1
140,1,Canada,2021-06-30,37093058,2021-06-30,25678061,11413647,214,6.0,1
141,1,Canada,2021-07-01,37754210,2021-07-01,25809374,11934195,223,6.0,1
142,1,Canada,2021-07-02,38209808,2021-07-02,25854781,12344380,229,6.0,1
143,1,Canada,2021-07-03,38411339,2021-07-03,25873890,12526791,239,7.0,1
144,1,Canada,2021-07-04,38571575,2021-07-04,25886882,12674031,243,7.0,1
145,1,Canada,2021-07-05,39469749,2021-07-05,25974621,13492923,253,7.0,1
146,1,Canada,2021-07-06,39926746,2021-07-06,26007365,13909867,263,7.0,1
147,1,Canada,2021-07-07,40381875,2021-07-07,26053434,14325600,267,7.0,1
148,1,Canada,2021-07-08,41275469,2021-07-08,26203473,15061610,284,7.0,1
149,1,Canada,2021-07-09,41734616,2021-07-09,26252046,15479519,296,8.0,1
150,1,Canada,2021-07-10,41920035,2021-07-10,26271001,15645978,301,8.0,1
151,1,Canada,2021-07-11,42051554,2021-07-11,26283209,15765285,305,8.0,1
152,1,Canada,2021-07-12,42764545,2021-07-12,26350438,16410917,311,8.0,1
153,1,Canada,2021-07-13,43129174,2021-07-13,26379618,16656217,321,9.0,1
154,1,Canada,2021-07-14,43484136,2021-07-14,26422918,17057383,325,9.0,1
155,1,Canada,2021-07-15,44287204,2021-07-15,26529496,17746900,332,10.0,1
156,1,Canada,2021-07-16,44665274,2021-07-16,26575283,18086556,338,10.0,1
157,1,Canada,2021-07-17,44807488,2021-07-17,26592184,18211861,346,10.0,1
158,1,Canada,2021-07-18,44904113,2021-07-18,26602901,18297767,347,11.0,1
159,1,Canada,2021-07-19,45512327,2021-07-19,26660686,18848106,354,12.0,1
160,1,Canada,2021-07-20,45824390,2021-07-20,26686046,19128768,360,12.0,1
161,1,Canada,2021-07-21,46137604,2021-07-21,26725510,19408467,363,12.0,1
162,1,Canada,2021-07-22,46732496,2021-07-22,26796423,19924850,377,12.0,1
163,1,Canada,2021-07-23,47050599,2021-07-23,26840016,20206829,384,13.0,1
164,1,Canada,2021-07-24,47158926,2021-07-24,26855520,20299652,384,13.0,1
165,1,Canada,2021-07-25,47228532,2021-07-25,26865700,20359074,388,13.0,1
166,1,Canada,2021-07-26,47768591,2021-07-26,26919522,20844806,400,13.0,1
167,1,Canada,2021-07-27,48015249,2021-07-27,26944436,21059945,407,13.0,1
168,1,Canada,2021-07-28,48246165,2021-07-28,26982850,21258269,413,13.0,1
169,1,Canada,2021-07-29,48717654,2021-07-29,27046811,21658797,432,13.0,1
170,1,Canada,2021-07-30,48930403,2021-07-30,27084428,21840262,440,15.0,1
171,1,Canada,2021-07-31,48995760,2021-07-31,27096127,21893917,442,16.0,1
172,1,Canada,2021-08-01,49040524,2021-08-01,27103710,21931095,445,16.0,1
173,1,Canada,2021-08-02,49249989,2021-08-02,27109018,22177659,450,17.0,1
174,1,Canada,2021-08-03,49531351,2021-08-03,27166496,22357641,466,20.0,1
175,1,Canada,2021-08-04,49679755,2021-08-04,27192250,22480481,480,21.0,1
176,1,Canada,2021-08-05,50041410,2021-08-05,27245807,22782377,520,24.0,1
177,1,Canada,2021-08-06,50196647,2021-08-06,27265773,22909455,530,27.0,1
178,1,Canada,2021-08-07,50246787,2021-08-07,27275221,22950139,537,28.0,1
179,1,Canada,2021-08-08,50278719,2021-08-08,27281239,22976047,543,28.0,1
180,1,Canada,2021-08-09,50562647,2021-08-09,27343283,23210238,561,29.0,1
181,1,Canada,2021-08-10,50685323,2021-08-10,27360142,23309233,568,29.0,1
182,1,Canada,2021-08-11,50805533,2021-08-11,27390946,23404574,582,29.0,1
183,1,Canada,2021-08-12,51055236,2021-08-12,27431717,23603632,604,29.0,1
184,1,Canada,2021-08-13,51186881,2021-08-13,27470805,23705119,616,30.0,1
185,1,Canada,2021-08-14,51229678,2021-08-14,27480874,23737831,632,30.0,1
186,1,Canada,2021-08-15,51257453,2021-08-15,27487311,23759161,639,31.0,1
187,1,Canada,2021-08-16,51532537,2021-08-16,27538909,23857676,651,33.0,1
188,1,Canada,2021-08-17,51646777,2021-08-17,27557145,24069002,680,36.0,1
189,1,Canada,2021-08-18,51759788,2021-08-18,27596034,24150744,735,36.0,1
190,1,Canada,2021-08-19,51965053,2021-08-19,27634805,24298427,911,38.0,1
191,1,Canada,2021-08-20,52076920,2021-08-20,27676901,24385721,1078,41.0,1
192,1,Canada,2021-08-21,52114157,2021-08-21,27688849,24410941,1145,43.0,1
193,1,Canada,2021-08-22,52138563,2021-08-22,27696337,24427819,1183,45.0,1
194,1,Canada,2021-08-23,52346870,2021-08-23,27743753,24587492,1373,46.0,1
195,1,Canada,2021-08-24,52447306,2021-08-24,27766737,24657569,1713,46.0,1
196,1,Canada,2021-08-25,52540555,2021-08-25,27804411,24718855,2207,46.0,1
197,1,Canada,2021-08-26,52730594,2021-08-26,27853072,24850296,2997,48.0,1
198,1,Canada,2021-08-27,52833655,2021-08-27,27896990,24916706,3936,50.0,1
199,1,Canada,2021-08-28,52866105,2021-08-28,27908196,24937800,4085,51.0,1
200,1,Canada,2021-08-29,52885679,2021-08-29,27914894,24950589,4172,51.0,1
201,1,Canada,2021-08-30,53075020,2021-08-30,27974884,25077636,5140,53.0,1
202,1,Canada,2021-08-31,53154253,2021-08-31,27996118,25127706,6322,55.0,1
203,1,Canada,2021-09-01,53241465,2021-09-01,28035118,25179272,8606,57.0,1
204,1,Canada,2021-09-02,53416168,2021-09-02,28086630,25288147,11852,62.0,1
205,1,Canada,2021-09-03,53517136,2021-09-03,28120148,25346552,13327,65.0,1
206,1,Canada,2021-09-04,53551972,2021-09-04,28135453,25365861,13544,70.0,1
207,1,Canada,2021-09-05,53575273,2021-09-05,28145776,25378699,13681,73.0,1
208,1,Canada,2021-09-06,53589765,2021-09-06,28152336,25386529,13783,73.0,1
209,1,Canada,2021-09-07,53774130,2021-09-07,28196451,25496254,16855,85.0,1
210,1,Canada,2021-09-08,53846732,2021-09-08,28263881,25534210,21707,89.0,1
211,1,Canada,2021-09-09,53991934,2021-09-09,28310835,25617289,26824,97.0,1
212,1,Canada,2021-09-10,54084318,2021-09-10,28355097,25668642,29942,103.0,1
213,1,Canada,2021-09-11,54116231,2021-09-11,28367764,25685858,30470,107.0,1
214,1,Canada,2021-09-12,54133988,2021-09-12,28374960,25697447,30939,108.0,1
215,1,Canada,2021-09-13,54284996,2021-09-13,28432634,25783534,33982,112.0,1
216,1,Canada,2021-09-14,54362773,2021-09-14,28458687,25823098,39864,117.0,1
217,1,Canada,2021-09-15,54440928,2021-09-15,28495001,25862557,46003,120.0,1
218,1,Canada,2021-09-16,54576023,2021-09-16,28542769,25936022,52007,122.0,1
219,1,Canada,2021-09-17,54728268,2021-09-17,28597808,25990844,55744,123.0,1
220,1,Canada,2021-09-18,54762678,2021-09-18,28610912,26011212,56682,123.0,1
221,1,Canada,2021-09-19,54783359,2021-09-19,28619458,26022888,57140,124.0,1
222,1,Canada,2021-09-20,54965676,2021-09-20,28699584,26112562,60545,126.0,1
223,1,Canada,2021-09-21,55068941,2021-09-21,28737026,26167038,64802,128.0,1
224,1,Canada,2021-09-22,55167832,2021-09-22,28781345,26215916,70048,131.0,1
225,1,Canada,2021-09-23,55327543,2021-09-23,28837921,26291496,77195,135.0,1
226,1,Canada,2021-09-24,55480286,2021-09-24,28873923,26360199,80640,139.0,1
227,1,Canada,2021-09-25,55522309,2021-09-25,28886385,26383932,81447,143.0,1
228,1,Canada,2021-09-26,55544737,2021-09-26,28892747,26395695,81857,143.0,1
229,1,Canada,2021-09-27,55700988,2021-09-27,28966936,26482768,83798,146.0,1
230,1,Canada,2021-09-28,55774856,2021-09-28,28988406,26514356,87739,154.0,1
231,1,Canada,2021-09-29,55861749,2021-09-29,29014736,26548468,92319,157.0,1
232,1,Canada,2021-09-30,55989692,2021-09-30,29052909,26609700,96624,160.0,1
233,1,Canada,2021-10-01,56090979,2021-10-01,29106192,26691425,99326,165.0,1
234,1,Canada,2021-10-02,56122013,2021-10-02,29116414,26711273,100285,170.0,1
235,1,Canada,2021-10-03,56141782,2021-10-03,29123727,26723341,100667,176.0,1
236,1,Canada,2021-10-04,56273996,2021-10-04,29169275,26798243,103129,177.0,1
237,1,Canada,2021-10-05,56345543,2021-10-05,29192698,26836918,106860,182.0,1
238,1,Canada,2021-10-06,56415244,2021-10-06,29219457,26874120,110773,183.0,1
239,1,Canada,2021-10-07,56558611,2021-10-07,29267598,26949284,118032,187.0,1
240,1,Canada,2021-10-08,56647957,2021-10-08,29299412,26994601,120762,197.0,1
241,1,Canada,2021-10-09,56676751,2021-10-09,29310065,27011892,121608,201.0,1
242,1,Canada,2021-10-10,56693730,2021-10-10,29316504,27022054,121983,203.0,1
243,1,Canada,2021-10-11,56700110,2021-10-11,29318880,27025912,122129,203.0,1
244,1,Canada,2021-10-12,56856079,2021-10-12,29352351,27107186,124110,209.0,1
245,1,Canada,2021-10-13,56936776,2021-10-13,29388079,27146902,126730,212.0,1
246,1,Canada,2021-10-14,57089014,2021-10-14,29435142,27222936,136722,216.0,1
247,1,Canada,2021-10-15,57176292,2021-10-15,29462529,27268131,139232,235.0,1
248,1,Canada,2021-10-16,57204380,2021-10-16,29471895,27285646,140436,238.0,1
249,1,Canada,2021-10-17,57220037,2021-10-17,29476917,27295855,140858,242.0,1
250,1,Canada,2021-10-18,57357018,2021-10-18,29510108,27369454,143326,249.0,1
251,1,Canada,2021-10-19,57422801,2021-10-19,29524027,27403186,146644,250.0,1
252,1,Canada,2021-10-20,57492646,2021-10-20,29544154,27437056,150179,252.0,1
253,1,Canada,2021-10-21,57631804,2021-10-21,29582601,27505619,163104,255.0,1
254,1,Canada,2021-10-22,57712927,2021-10-22,29605425,27547309,166648,260.0,1
255,1,Canada,2021-10-23,57736263,2021-10-23,29612674,27562231,167808,264.0,1
256,1,Canada,2021-10-24,57749587,2021-10-24,29616456,27571075,168506,264.0,1
257,1,Canada,2021-10-25,57876590,2021-10-25,29646699,27640664,170955,271.0,1
258,1,Canada,2021-10-26,57941298,2021-10-26,29658211,27674476,174553,277.0,1
259,1,Canada,2021-10-27,58007043,2021-10-27,29670184,27707709,522051,280.0,1
260,1,Canada,2021-10-28,58143475,2021-10-28,29705001,27777197,548382,286.0,1
261,1,Canada,2021-10-29,58218783,2021-10-29,29721160,27813928,562614,291.0,1
262,1,Canada,2021-10-30,58239578,2021-10-30,29726904,27827389,564193,302.0,1
263,1,Canada,2021-10-31,58250275,2021-10-31,29729638,27834657,564882,308.0,1
264,1,Canada,2021-11-01,58356842,2021-11-01,29758973,27887892,587708,319.0,1
265,1,Canada,2021-11-02,58400151,2021-11-02,29766076,27905043,598342,329.0,1
266,1,Canada,2021-11-03,58471424,2021-11-03,29781434,27935265,617870,340.0,1
267,1,Canada,2021-11-04,58598432,2021-11-04,29807057,27990089,654086,345.0,1
268,1,Canada,2021-11-05,58670935,2021-11-05,29822811,28019948,675336,352.0,1
269,1,Canada,2021-11-06,58695876,2021-11-06,29827800,28031112,684120,356.0,1
270,1,Canada,2021-11-07,58710191,2021-11-07,29830468,28037711,689168,356.0,1
271,1,Canada,2021-11-08,58823529,2021-11-08,29844219,28083508,719414,362.0,1
272,1,Canada,2021-11-09,58896268,2021-11-09,29858410,28104866,762525,373.0,1
273,1,Canada,2021-11-10,58988738,2021-11-10,29877957,28135856,796028,385.0,1
274,1,Canada,2021-11-11,59086746,2021-11-11,29899480,28166292,830808,391.0,1
275,1,Canada,2021-11-12,59185774,2021-11-12,29918657,28199538,874076,402.0,1
276,1,Canada,2021-11-13,59210110,2021-11-13,29922826,28208417,885358,408.0,1
277,1,Canada,2021-11-14,59224312,2021-11-14,29925392,28214196,891210,413.0,1
278,1,Canada,2021-11-15,59361286,2021-11-15,29940077,28257991,953246,420.0,1
279,1,Canada,2021-11-16,59429570,2021-11-16,29947354,28276690,981409,426.0,1
280,1,Canada,2021-11-17,59500898,2021-11-17,29955957,28294987,1024091,433.0,1
281,1,Canada,2021-11-18,59639897,2021-11-18,29977343,28340293,1086830,440.0,1
282,1,Canada,2021-11-19,59724879,2021-11-19,29999244,28362489,1133019,452.0,1
283,1,Canada,2021-11-20,59756137,2021-11-20,30003418,28371167,1151418,459.0,1
284,1,Canada,2021-11-21,59772258,2021-11-21,30005706,28376181,1160235,461.0,1
285,1,Canada,2021-11-22,59979168,2021-11-22,30018656,28411734,1303463,463.0,1
286,1,Canada,2021-11-23,60032123,2021-11-23,30017300,28416805,1355075,469.0,1
287,1,Canada,2021-11-24,60114680,2021-11-24,30025022,28432601,1409238,470.0,1
288,1,Canada,2021-11-25,60277945,2021-11-25,30054548,28478669,1482592,473.0,1
289,1,Canada,2021-11-26,60391482,2021-11-26,30103995,28497547,1536331,478.0,1
290,1,Canada,2021-11-27,60449680,2021-11-27,30136655,28503980,1555429,485.0,1
291,1,Canada,2021-11-28,60490921,2021-11-28,30159776,28507465,1566866,487.0,1
292,1,Canada,2021-11-29,60704157,2021-11-29,30209986,28535206,1636226,495.0,1
293,1,Canada,2021-11-30,60839396,2021-11-30,30322146,28548270,1697906,500.0,1
294,1,Canada,2021-12-01,60946672,2021-12-01,30355938,28551237,1746146,504.0,1
295,1,Canada,2021-12-02,61161335,2021-12-02,30419928,28583345,1845706,508.0,1
296,1,Canada,2021-12-03,61353762,2021-12-03,30523993,28610550,1932531,528.0,1
297,1,Canada,2021-12-04,61421256,2021-12-04,30559460,28615897,1959206,533.0,1
298,1,Canada,2021-12-05,61465710,2021-12-05,30581009,28619150,2258658,535.0,1
299,1,Canada,2021-12-06,61710316,2021-12-06,30639276,28642138,2346365,540.0,1
300,1,Canada,2021-12-07,61884033,2021-12-07,30744533,28653422,2478203,544.0,1
301,1,Canada,2021-12-08,62039864,2021-12-08,30776523,28633868,2562453,548.0,1
302,1,Canada,2021-12-09,62301637,2021-12-09,30858359,28661496,2684046,556.0,1
303,1,Canada,2021-12-10,62470505,2021-12-10,30938851,28705327,2823601,561.0,1
304,1,Canada,2021-12-11,62535229,2021-12-11,30964179,28710459,2857859,567.0,1
305,1,Canada,2021-12-12,62574118,2021-12-12,30976693,28713174,2878165,571.0,1
306,1,Canada,2021-12-13,62883142,2021-12-13,31024621,28733141,3025516,577.0,1
307,1,Canada,2021-12-14,63148267,2021-12-14,31100381,28743544,3298016,585.0,1
308,1,Canada,2021-12-15,63391698,2021-12-15,31124093,28755304,3458636,592.0,1
309,1,Canada,2021-12-16,63801173,2021-12-16,31202651,28782694,3709756,608.0,1
310,1,Canada,2021-12-17,64094069,2021-12-17,31224425,28796988,3916136,621.0,1
311,1,Canada,2021-12-18,64236436,2021-12-18,31244117,28801692,4034092,636.0,1
312,1,Canada,2021-12-19,64346594,2021-12-19,31255069,28804777,4126738,645.0,1
313,1,Canada,2021-12-20,64861400,2021-12-20,31300542,28822283,4417743,685.0,1
314,1,Canada,2021-12-21,65292056,2021-12-21,31402766,28833015,5048979,726.0,1
315,1,Canada,2021-12-22,65709097,2021-12-22,31425503,28844530,5345491,792.0,1
316,1,Canada,2021-12-23,66306412,2021-12-23,31486676,28874459,5758236,854.0,1
317,1,Canada,2021-12-24,66420500,2021-12-24,31495756,28878327,5863209,884.0,1
318,1,Canada,2021-12-25,66551195,2021-12-25,31496483,28878623,5875151,885.0,1
319,1,Canada,2021-12-26,66603117,2021-12-26,31498048,28879590,5920302,900.0,1
320,1,Canada,2021-12-27,66819793,2021-12-27,31504057,28883129,6053317,930.0,1
321,1,Canada,2021-12-28,67052846,2021-12-28,31536882,28894389,6610712,998.0,1
322,1,Canada,2021-12-29,67543260,2021-12-29,31563915,28909955,6971865,1063.0,1
323,1,Canada,2021-12-30,68068038,2021-12-30,31599853,28947183,7330050,1319.0,1
324,1,Canada,2021-12-31,68190377,2021-12-31,31609617,28953588,7441751,1639.0,1
325,1,Canada,2022-01-01,68334575,2022-01-01,31611692,28955106,7489570,1759.0,1
326,1,Canada,2022-01-02,68428027,2022-01-02,31616412,28959500,7567964,1851.0,1
327,1,Canada,2022-01-03,68590157,2022-01-03,31633157,28967591,7977217,2025.0,1
328,1,Canada,2022-01-04,69085313,2022-01-04,31545966,29006414,8419630,2255.0,1
329,1,Canada,2022-01-05,69444006,2022-01-05,31675826,28998824,8749197,2822.0,1
330,1,Canada,2022-01-06,69950248,2022-01-06,31703604,29032975,9186316,3774.0,1
331,1,Canada,2022-01-07,70313627,2022-01-07,31728837,29051911,9522241,5061.0,1
332,1,Canada,2022-01-08,70448622,2022-01-08,31740014,29060760,9637089,5181.0,1
333,1,Canada,2022-01-09,70548276,2022-01-09,31745825,29066213,9717684,5306.0,1
334,1,Canada,2022-01-10,71138585,2022-01-10,31772543,29081280,10247304,6060.0,1
335,1,Canada,2022-01-11,71527353,2022-01-11,31800045,29101653,10706499,8202.0,1
336,1,Canada,2022-01-12,71889160,2022-01-12,31815751,29115856,10924623,10941.0,1
337,1,Canada,2022-01-13,72503278,2022-01-13,31908574,29142275,11408951,13688.0,1
338,1,Canada,2022-01-14,72863238,2022-01-14,31938296,29166794,11733210,16372.0,1
339,1,Canada,2022-01-15,72976912,2022-01-15,31949045,29178211,11823369,17721.0,1
340,1,Canada,2022-01-16,73044464,2022-01-16,31955799,29185899,11875831,18369.0,1
341,1,Canada,2022-01-17,73580519,2022-01-17,31976507,29197957,12351522,19190.0,1
342,1,Canada,2022-01-18,73871525,2022-01-18,32001974,29218718,12618155,22328.0,1
343,1,Canada,2022-01-19,74188228,2022-01-19,32016125,29232218,12895906,26949.0,1
344,1,Canada,2022-01-20,74659668,2022-01-20,32050132,29253962,13289559,32347.0,1
345,1,Canada,2022-01-21,74954761,2022-01-21,32074360,29288034,13537471,36063.0,1
346,1,Canada,2022-01-22,75035369,2022-01-22,32082924,29303743,13593144,36724.0,1
347,1,Canada,2022-01-23,75090517,2022-01-23,32086729,29312747,13623797,37149.0,1
348,1,Canada,2022-01-24,75538064,2022-01-24,32099257,29325972,13987124,39491.0,1
349,1,Canada,2022-01-25,75855800,2022-01-25,32127890,29409123,14240014,43683.0,1
350,1,Canada,2022-01-26,76085655,2022-01-26,32136810,29429354,14423052,47680.0,1
351,1,Canada,2022-01-27,76620929,2022-01-27,32182416,29473690,14847154,52756.0,1
352,1,Canada,2022-01-28,76856842,2022-01-28,32192917,29499512,15027221,56233.0,1
353,1,Canada,2022-01-29,76912481,2022-01-29,32198612,29521371,15067232,56930.0,1
354,1,Canada,2022-01-30,76950143,2022-01-30,32201446,29532863,15090222,57276.0,1
355,1,Canada,2022-01-31,77353106,2022-01-31,32216825,29566127,15376838,59169.0,1
356,1,Canada,2022-02-01,77530262,2022-02-01,32240310,29673151,15511950,62014.0,1
357,1,Canada,2022-02-02,77677878,2022-02-02,32247376,29692439,15616503,65220.0,1
358,1,Canada,2022-02-03,77816439,2022-02-03,32253218,29710351,15714055,67566.0,1
359,1,Canada,2022-02-04,78152091,2022-02-04,32286589,29792407,15956300,70524.0,1
360,1,Canada,2022-02-05,78202818,2022-02-05,32290519,29809168,15985800,71060.0,1
361,1,Canada,2022-02-06,78228531,2022-02-06,32292749,29818160,16000008,71343.0,1
362,1,Canada,2022-02-07,78497736,2022-02-07,32302997,29851093,16184706,73206.0,1
363,1,Canada,2022-02-08,78604468,2022-02-08,32313803,29904443,16260542,75974.0,1
364,1,Canada,2022-02-09,78711173,2022-02-09,32318325,29919696,16333381,79387.0,1
365,1,Canada,2022-02-10,78821805,2022-02-10,32323158,29940264,16406210,82843.0,1
366,1,Canada,2022-02-11,79055499,2022-02-11,32347415,30017702,16555091,85175.0,1
367,1,Canada,2022-02-12,79091552,2022-02-12,32350171,30030679,16574963,85619.0,1
368,1,Canada,2022-02-13,79096541,2022-02-13,32351661,30037322,16585098,85822.0,1
369,1,Canada,2022-02-14,79297862,2022-02-14,32357971,30063096,16712932,87181.0,1
370,1,Canada,2022-02-15,79366695,2022-02-15,32365383,30104437,16755580,88763.0,1
371,1,Canada,2022-02-16,79445819,2022-02-16,32368687,30118349,16803385,91360.0,1
372,1,Canada,2022-02-17,79538999,2022-02-17,32371551,30131936,16847126,93664.0,1
373,1,Canada,2022-02-18,79714867,2022-02-18,32388317,30194762,16955479,95200.0,1
374,1,Canada,2022-02-19,79747266,2022-02-19,32389787,30202631,16978228,95510.0,1
375,1,Canada,2022-02-20,79765661,2022-02-20,32390872,30206683,16991314,95681.0,1
376,1,Canada,2022-02-21,79823472,2022-02-21,32391347,30208629,17036589,95847.0,1
377,1,Canada,2022-02-22,79947613,2022-02-22,32398108,30246634,17122146,97777.0,1
378,1,Canada,2022-02-23,80000937,2022-02-23,32400771,30256926,17155715,100234.0,1
379,1,Canada,2022-02-24,80061125,2022-02-24,32403181,30266038,17187006,102339.0,1
380,1,Canada,2022-02-25,80190893,2022-02-25,32418264,30310863,17262371,103745.0,1
381,1,Canada,2022-02-26,80217684,2022-02-26,32419611,30318107,17280041,104273.0,1
382,1,Canada,2022-02-27,80228247,2022-02-27,32420280,30320748,17287002,104565.0,1
383,1,Canada,2022-02-28,80323468,2022-02-28,32423983,30338610,17349988,105494.0,1
384,1,Canada,2022-03-01,80361599,2022-03-01,32425853,30344185,17377221,106563.0,1
385,1,Canada,2022-03-02,80391582,2022-03-02,32427964,30349602,17396306,107857.0,1
386,1,Canada,2022-03-03,80428947,2022-03-03,32429458,30355134,17413658,109578.0,1
387,1,Canada,2022-03-04,80511290,2022-03-04,32438427,30389387,17464397,110667.0,1
388,1,Canada,2022-03-05,80527653,2022-03-05,32439481,30394837,17473961,110962.0,1
389,1,Canada,2022-03-06,80533999,2022-03-06,32440003,30396891,17477607,111086.0,1
390,1,Canada,2022-03-07,80592857,2022-03-07,32442877,30408712,17512897,111650.0,1
391,1,Canada,2022-03-08,80616012,2022-03-08,32445174,30420740,17527128,112767.0,1
392,1,Canada,2022-03-09,80642272,2022-03-09,32447206,30427126,17541701,114400.0,1
393,1,Canada,2022-03-10,80675017,2022-03-10,32448904,30432973,17556544,116104.0,1
394,1,Canada,2022-03-11,80728601,2022-03-11,32454515,30453328,17585468,117249.0,1
395,1,Canada,2022-03-12,80743215,2022-03-12,32455586,30458234,17593767,117587.0,1
396,1,Canada,2022-03-13,80750001,2022-03-13,32456097,30460684,17597435,117744.0,1
397,1,Canada,2022-03-14,80810135,2022-03-14,32458572,30473750,17631310,118582.0,1
398,1,Canada,2022-03-15,80836834,2022-03-15,32460094,30480299,17646860,120097.0,1
399,1,Canada,2022-03-16,80861919,2022-03-16,32461603,30486203,17661319,121538.0,1
400,1,Canada,2022-03-17,80891708,2022-03-17,32463271,30491983,17676237,122957.0,1
401,1,Canada,2022-03-18,80936880,2022-03-18,32467291,30504991,17700077,124317.0,1
402,1,Canada,2022-03-19,80948511,2022-03-19,32468266,30508897,17706407,124737.0,1
403,1,Canada,2022-03-20,80953948,2022-03-20,32468738,30510656,17709376,124974.0,1
404,1,Canada,2022-03-21,80997807,2022-03-21,32471570,30531628,17734744,125673.0,1
405,1,Canada,2022-03-22,81016584,2022-03-22,32472742,30535435,17745598,127338.0,1
406,1,Canada,2022-03-23,81048038,2022-03-23,32474895,30543059,17761515,128916.0,1
407,1,Canada,2022-03-24,81067443,2022-03-24,32476179,30546934,17774471,130429.0,1
408,1,Canada,2022-03-25,81106571,2022-03-25,32479440,30556915,17795566,132084.0,1
409,1,Canada,2022-03-26,81116678,2022-03-26,32480331,30560383,17800836,132561.0,1
410,1,Canada,2022-03-27,81120458,2022-03-27,32480687,30561539,17802939,132722.0,1
411,1,Canada,2022-03-28,81165291,2022-03-28,32481955,30568191,17829024,133647.0,1
412,1,Canada,2022-03-29,81181553,2022-03-29,32483014,30570904,17838271,134773.0,1
413,1,Canada,2022-03-30,81222649,2022-03-30,32485772,30579455,17859713,136233.0,1
414,1,Canada,2022-03-31,81256294,2022-03-31,32486764,30582400,17871043,137735.0,1
415,1,Canada,2022-04-01,81305648,2022-04-01,32493625,30609446,17890720,139231.0,1
416,1,Canada,2022-04-02,81314533,2022-04-02,32494483,30611961,17895749,139713.0,1
417,1,Canada,2022-04-03,81318983,2022-04-03,32494933,30613150,17898327,139941.0,1
418,1,Canada,2022-04-04,81372001,2022-04-04,32495510,30614206,17915081,141050.0,1
419,1,Canada,2022-04-05,81394170,2022-04-05,32496251,30615911,17922619,142643.0,1
420,1,Canada,2022-04-06,81441299,2022-04-06,32498652,30622355,17940747,145417.0,1
421,1,Canada,2022-04-07,81509153,2022-04-07,32499874,30626759,17955148,161933.0,1
422,1,Canada,2022-04-08,81585101,2022-04-08,32503539,30638476,17970063,183290.0,1
423,1,Canada,2022-04-09,81609676,2022-04-09,32504495,30640802,17975345,199298.0,1
424,1,Canada,2022-04-10,81622848,2022-04-10,32504933,30641956,17978004,208040.0,1
425,1,Canada,2022-04-11,81728943,2022-04-11,32505624,30642941,17993188,230627.0,1
426,1,Canada,2022-04-12,81793477,2022-04-12,32506503,30644508,18000873,260838.0,1
427,1,Canada,2022-04-13,81889373,2022-04-13,32508761,30649625,18018359,291220.0,1
428,1,Canada,2022-04-14,82020468,2022-04-14,32512534,30669472,18046821,324384.0,1
429,1,Canada,2022-04-15,82041032,2022-04-15,32514672,30674178,18054856,329572.0,1
430,1,Canada,2022-04-16,82061799,2022-04-16,32515529,30676042,18059116,343356.0,1
431,1,Canada,2022-04-17,82067164,2022-04-17,32515827,30676477,18060398,346706.0,1
432,1,Canada,2022-04-18,82089512,2022-04-18,32516433,30677184,18063472,364664.0,1
433,1,Canada,2022-04-19,82257353,2022-04-19,32517538,30678717,18080774,397724.0,1
434,1,Canada,2022-04-20,82372337,2022-04-20,32522015,30688886,18097025,429136.0,1
435,1,Canada,2022-04-21,82491609,2022-04-21,32532743,30707000,18167479,457942.0,1
436,1,Canada,2022-04-22,82567240,2022-04-22,32535172,30711904,18175642,485010.0,1
437,1,Canada,2022-04-23,82587894,2022-04-23,32536181,30713740,18179386,499075.0,1
438,1,Canada,2022-04-24,82596847,2022-04-24,32536697,30714621,18181233,504486.0,1
439,1,Canada,2022-04-25,82698264,2022-04-25,32537434,30715562,18192030,524194.0,1
440,1,Canada,2022-04-26,82761006,2022-04-26,32538407,30716870,18198968,551530.0,1
441,1,Canada,2022-04-27,82859628,2022-04-27,32541243,30721428,18213268,578027.0,1
442,1,Canada,2022-04-28,82974915,2022-04-28,32544809,30727740,18248689,603663.0,1
443,1,Canada,2022-04-29,83059081,2022-04-29,32550019,30737606,18266251,627436.0,1
444,1,Canada,2022-04-30,83075727,2022-04-30,32550776,30739141,18269199,638840.0,1
445,1,Canada,2022-05-01,83081602,2022-05-01,32551076,30739647,18270282,642826.0,1
446,1,Canada,2022-05-02,83165906,2022-05-02,32551660,30740427,18279383,659946.0,1
447,1,Canada,2022-05-03,83210443,2022-05-03,32552501,30741648,18284264,684137.0,1
448,1,Canada,2022-05-04,83302355,2022-05-04,32555575,30746154,18301250,708054.0,1
449,1,Canada,2022-05-05,83421061,2022-05-05,32559671,30752719,18287189,958845.0,1
450,1,Canada,2022-05-06,83477488,2022-05-06,32562169,30757393,18292776,982071.0,1
451,1,Canada,2022-05-07,83493395,2022-05-07,32563055,30758651,18295068,993536.0,1
452,1,Canada,2022-05-08,83500151,2022-05-08,32563402,30759257,18296224,998181.0,1
453,1,Canada,2022-05-09,83574645,2022-05-09,32564120,30759992,18303555,1015843.0,1
454,1,Canada,2022-05-10,83617683,2022-05-10,32564969,30761072,18307511,1040227.0,1
455,1,Canada,2022-05-11,83695737,2022-05-11,32567665,30764474,18317646,1084484.0,1
456,1,Canada,2022-05-12,83803671,2022-05-12,32571018,30769348,18332206,1151670.0,1
457,1,Canada,2022-05-13,83914305,2022-05-13,32576544,30777611,18348069,1217798.0,1
458,1,Canada,2022-05-14,83929056,2022-05-14,32577289,30778842,18350088,1228550.0,1
459,1,Canada,2022-05-15,83935387,2022-05-15,32577610,30779357,18351122,1233011.0,1
460,1,Canada,2022-05-16,83998697,2022-05-16,32210634,30904231,18600695,1254761.0,1
461,1,Canada,2022-05-17,84037000,2022-05-17,32211521,30905386,18604290,1277037.0,1
462,1,Canada,2022-05-18,84104746,2022-05-18,32214028,30908730,18613315,1318271.0,1
463,1,Canada,2022-05-19,84207989,2022-05-19,32216727,30913032,18625904,1388209.0,1
464,1,Canada,2022-05-20,84243351,2022-05-20,32218843,30917543,18629994,1406351.0,1
465,1,Canada,2022-05-21,84253802,2022-05-21,32219376,30918389,18631448,1413958.0,1
466,1,Canada,2022-05-22,84259348,2022-05-22,32219662,30918969,18632406,1417674.0,1
467,1,Canada,2022-05-23,84261857,2022-05-23,32219771,30919116,18632818,1419512.0,1
468,1,Canada,2022-05-24,84312118,2022-05-24,32220475,30920083,18639755,1435252.0,1
469,1,Canada,2022-05-25,84365079,2022-05-25,32222620,30923166,18647584,1466782.0,1
470,1,Canada,2022-05-26,84459817,2022-05-26,32225160,30927285,18658636,1535248.0,1
471,1,Canada,2022-05-27,84488798,2022-05-27,32227071,30931423,18662130,1550540.0,1
472,1,Canada,2022-05-28,84500821,2022-05-28,32227817,30932681,18663825,1558839.0,1
473,1,Canada,2022-05-29,84505349,2022-05-29,32228122,30933206,18664559,1561798.0,1
474,1,Canada,2022-05-30,84605791,2022-05-30,32229081,30935131,18676257,1626258.0,1
475,1,Canada,2022-05-31,84627614,2022-05-31,32229774,30936065,18679035,1639295.0,1
476,1,Canada,2022-06-01,84670745,2022-06-01,32231931,30939029,18686428,1664244.0,1
477,1,Canada,2022-06-02,84753797,2022-06-02,32234473,30943313,18695224,1726206.0,1
478,1,Canada,2022-06-03,84772571,2022-06-03,32236404,30947679,18698127,1735812.0,1
479,1,Canada,2022-06-04,84780362,2022-06-04,32236976,30948765,18699518,1740531.0,1
480,1,Canada,2022-06-05,84783627,2022-06-05,32237180,30949199,18700145,1742522.0,1
481,1,Canada,2022-06-06,84809179,2022-06-06,32237644,30949919,18704856,1751149.0,1
482,1,Canada,2022-06-07,84831123,2022-06-07,32238374,30951047,18707654,1761854.0,1
483,1,Canada,2022-06-08,84866687,2022-06-08,32240436,30954022,18714658,1780875.0,1
484,1,Canada,2022-06-09,84948931,2022-06-09,32242701,30957892,18723373,1843945.0,1
485,1,Canada,2022-06-10,84967628,2022-06-10,32244436,30961774,18726303,1853347.0,1
486,1,Canada,2022-06-11,84975644,2022-06-11,32245073,30962986,18727757,1858045.0,1
487,1,Canada,2022-06-12,84978790,2022-06-12,32245348,30963398,18728456,1859796.0,1
488,1,Canada,2022-06-13,85002850,2022-06-13,32245852,30964057,18732752,1867418.0,1
489,1,Canada,2022-06-14,85020394,2022-06-14,32246305,30964859,18735270,1877906.0,1
490,1,Canada,2022-06-15,85052181,2022-06-15,32248171,30967735,18741494,1894794.0,1
491,1,Canada,2022-06-16,85129485,2022-06-16,32250580,30971572,18749665,1952389.0,1
492,1,Canada,2022-06-17,85146311,2022-06-17,32251009,30972401,18751510,1960601.0,1
493,1,Canada,2022-06-18,85153241,2022-06-18,32251486,30973281,18752893,1964776.0,1
494,1,Canada,2022-06-19,85156488,2022-06-19,32251663,30973625,18753671,1966720.0,1
495,1,Canada,2022-06-20,85165961,2022-06-20,32252001,30974209,18755051,1973850.0,1
496,1,Canada,2022-06-21,85182427,2022-06-21,32252459,30975015,18756948,1984556.0,1
497,1,Canada,2022-06-22,85227968,2022-06-22,32255282,30981774,18767710,3194231.0,1
498,1,Canada,2022-06-23,85302713,2022-06-23,32257236,30985124,18776220,3254962.0,1
499,1,Canada,2022-06-24,85317081,2022-06-24,32257649,30985942,18777880,3266393.0,1
500,1,Canada,2022-06-25,85325167,2022-06-25,32258065,30986798,18779131,3271943.0,1
501,1,Canada,2022-06-26,85328347,2022-06-26,32258225,30987153,18779713,3274018.0,1
502,1,Canada,2022-06-27,85503695,2022-06-27,32261727,30993442,18796248,3425452.0,1
503,1,Canada,2022-06-28,85516902,2022-06-28,32262120,30994136,18797843,3435931.0,1
504,1,Canada,2022-06-29,85552464,2022-06-29,32263100,30996850,18804814,3460548.0,1
505,1,Canada,2022-06-30,85628311,2022-06-30,32265897,31001498,18815961,3517597.0,1
506,1,Canada,2022-07-01,85629829,2022-07-01,32265978,31001595,18816301,3518595.0,1
507,1,Canada,2022-07-02,85634930,2022-07-02,32266230,31002064,18817245,3522014.0,1
508,1,Canada,2022-07-03,85637662,2022-07-03,32266358,31002333,18817847,3523739.0,1
509,1,Canada,2022-07-04,85648757,2022-07-04,32266707,31002909,18819447,3532264.0,1
510,1,Canada,2022-07-05,85664619,2022-07-05,32267233,31003737,18821421,3544729.0,1
511,1,Canada,2022-07-06,85728495,2022-07-06,32269387,31008085,18833451,3589288.0,1
512,1,Canada,2022-07-07,85777527,2022-07-07,32270281,31009639,18839530,3629692.0,1
513,1,Canada,2022-07-08,85791552,2022-07-08,32270708,31010204,18841325,3640847.0,1
514,1,Canada,2022-07-09,85800216,2022-07-09,32271163,31010939,18842791,3646816.0,1
515,1,Canada,2022-07-10,85804266,2022-07-10,32271356,31011259,18843636,3649496.0,1
516,1,Canada,2022-07-11,85816419,2022-07-11,32271771,31011811,18845308,3658942.0,1
517,1,Canada,2022-07-12,85833030,2022-07-12,32272320,31012566,18847388,3672071.0,1
518,1,Canada,2022-07-13,85931373,2022-07-13,32274870,31016861,18862665,3746415.0,1
519,1,Canada,2022-07-14,86002411,2022-07-14,32277023,31019951,18872733,3801966.0,1
520,1,Canada,2022-07-15,86034532,2022-07-15,32277612,31020725,18875103,3830176.0,1
521,1,Canada,2022-07-16,86057374,2022-07-16,32278145,31021338,18876926,3849960.0,1
522,1,Canada,2022-07-17,86068717,2022-07-17,32278326,31021576,18877759,3887614.0,1
523,1,Canada,2022-07-18,86097612,2022-07-18,32278915,31022150,18879856,3913115.0,1
524,1,Canada,2022-07-19,86140992,2022-07-19,32279906,31023229,18882983,3946186.0,1
525,1,Canada,2022-07-20,86272584,2022-07-20,32282890,31027529,18899420,4051695.0,1
526,1,Canada,2022-07-21,86359959,2022-07-21,32285800,31030900,18910526,4124526.0,1
527,1,Canada,2022-07-22,86507361,2022-07-22,32289049,31035362,18924598,4222162.0,1
528,1,Canada,2022-07-23,86529008,2022-07-23,32289635,31036131,18926305,4240655.0,1
529,1,Canada,2022-07-24,86540886,2022-07-24,32289941,31036419,18927355,4250852.0,1
530,1,Canada,2022-07-25,86566901,2022-07-25,32290552,31036984,18929535,4273354.0,1
531,1,Canada,2022-07-26,86599239,2022-07-26,32291340,31037779,18932092,4301330.0,1
532,1,Canada,2022-07-27,86740547,2022-07-27,32295438,31041702,18945956,4418213.0,1
533,1,Canada,2022-07-28,86813189,2022-07-28,32298844,31044602,18955464,4474837.0,1
534,1,Canada,2022-07-29,86838882,2022-07-29,32301357,31045289,18957798,4494863.0,1
535,1,Canada,2022-07-30,86853103,2022-07-30,32302421,31045804,18959282,4505966.0,1
536,1,Canada,2022-07-31,86858970,2022-07-31,32302760,31046009,18959933,4510612.0,1
537,1,Canada,2022-08-01,86863355,2022-08-01,32303030,31046112,18960523,4514013.0,1
538,1,Canada,2022-08-02,86886199,2022-08-02,32305649,31046818,18962679,4531239.0,1
539,1,Canada,2022-08-03,86989685,2022-08-03,32313634,31049930,18973573,4610716.0,1
540,1,Canada,2022-08-04,87038614,2022-08-04,32317665,31052085,18980015,4646863.0,1
541,1,Canada,2022-08-05,87058165,2022-08-05,32320533,31052708,18981956,4660880.0,1
542,1,Canada,2022-08-06,87070800,2022-08-06,32322754,31053287,18983339,4669290.0,1
543,1,Canada,2022-08-07,87075533,2022-08-07,32323319,31053458,18983928,4672681.0,1
544,1,Canada,2022-08-08,87089423,2022-08-08,32324753,31053966,18985466,4683003.0,1
545,1,Canada,2022-08-09,87108472,2022-08-09,32327113,31054657,18987372,4696972.0,1
546,1,Canada,2022-08-10,87220282,2022-08-10,32338518,31058048,18998884,4780287.0,1
547,1,Canada,2022-08-11,87262447,2022-08-11,32346577,31060186,19004662,4806354.0,1
548,1,Canada,2022-08-12,87278323,2022-08-12,32348790,31060915,19006403,4817455.0,1
549,1,Canada,2022-08-13,87287814,2022-08-13,32350409,31061515,19007459,4823639.0,1
550,1,Canada,2022-08-14,87291658,2022-08-14,32350796,31061769,19007925,4853450.0,1
551,1,Canada,2022-08-15,87302402,2022-08-15,32351860,31062253,19009252,4861247.0,1
552,1,Canada,2022-08-16,87318497,2022-08-16,32353704,31062967,19011035,4872867.0,1
553,1,Canada,2022-08-17,87510428,2022-08-17,32363486,31067671,19028710,5019659.0,1
554,1,Canada,2022-08-18,87549902,2022-08-18,32371631,31069782,19034218,5043223.0,1
555,1,Canada,2022-08-19,87662249,2022-08-19,32380585,31074134,19046253,5103490.0,1
556,1,Canada,2022-08-20,87672113,2022-08-20,32382118,31074776,19047385,5110010.0,1
557,1,Canada,2022-08-21,87676259,2022-08-21,32382599,31075039,19047935,5112851.0,1
558,1,Canada,2022-08-22,87696059,2022-08-22,32384171,31075866,19050435,5120636.0,1
559,1,Canada,2022-08-23,87710754,2022-08-23,32385967,31076694,19052583,5130448.0,1
560,1,Canada,2022-08-24,87876376,2022-08-24,32394066,31080534,19065967,5223900.0,1
561,1,Canada,2022-08-25,87791488,2022-08-25,32401240,31083037,19072886,5246313.0,1
562,1,Canada,2022-08-26,87927853,2022-08-26,32402721,31083875,19074862,5254264.0,1
563,1,Canada,2022-08-27,87935741,2022-08-27,32403975,31084474,19076235,5258894.0,1
564,1,Canada,2022-08-28,87939114,2022-08-28,32404476,31084750,19076901,5260814.0,1
565,1,Canada,2022-08-29,87948577,2022-08-29,32405623,31085286,19078424,5267011.0,1
566,1,Canada,2022-08-30,87962029,2022-08-30,32407244,31086190,19080705,5275579.0,1
567,1,Canada,2022-08-31,88126712,2022-08-31,32415162,31090141,19093797,5363680.0,1
568,1,Canada,2022-09-01,88180399,2022-09-01,32421687,31092448,19103190,5398849.0,1
569,1,Canada,2022-09-02,88195060,2022-09-02,32423207,31093342,19108639,5405582.0,1
570,1,Canada,2022-09-03,88203692,2022-09-03,32424214,31093988,19111856,5409304.0,1
571,1,Canada,2022-09-04,88207226,2022-09-04,32424533,31094205,19113234,5410918.0,1
572,1,Canada,2022-09-05,88209662,2022-09-05,32424679,31094305,19114351,5411980.0,1
573,1,Canada,2022-09-06,88220985,2022-09-06,32425737,31094954,19118108,5417754.0,1
574,1,Canada,2022-09-07,88342906,2022-09-07,32431126,31097515,19133449,5478407.0,1
575,1,Canada,2022-09-08,88372902,2022-09-08,32435566,31099715,19142879,5492226.0,1
576,1,Canada,2022-09-09,88383466,2022-09-09,32436835,31100233,19146009,5497786.0,1
577,1,Canada,2022-09-10,88392825,2022-09-10,32437820,31100892,19149717,5501755.0,1
578,1,Canada,2022-09-11,88395927,2022-09-11,32438116,31101085,19150797,5517520.0,1
579,1,Canada,2022-09-12,88401999,2022-09-12,32438682,31101397,19151940,5520745.0,1
580,1,Canada,2022-09-13,88416414,2022-09-13,32439476,31101809,19153768,5526904.0,1
581,1,Canada,2022-09-14,88569275,2022-09-14,32444398,31104219,19165935,5592846.0,1
582,1,Canada,2022-09-15,88656098,2022-09-15,32454404,31107649,19186533,5640276.0,1
583,1,Canada,2022-09-16,88745246,2022-09-16,32462933,31111227,19199761,5681863.0,1
584,1,Canada,2022-09-17,88756404,2022-09-17,32463714,31111671,19201425,5686055.0,1
585,1,Canada,2022-09-18,88761352,2022-09-18,32464116,31111957,19202086,5688001.0,1
586,1,Canada,2022-09-19,88775040,2022-09-19,32464553,31112278,19202998,5693236.0,1
587,1,Canada,2022-09-20,88803353,2022-09-20,32465927,31112690,19205163,5730488.0,1
588,1,Canada,2022-09-21,88971580,2022-09-21,32469955,31115114,19215536,5796825.0,1
589,1,Canada,2022-09-22,89046267,2022-09-22,32472488,31116910,19227903,5842002.0,1
590,1,Canada,2022-09-23,89067817,2022-09-23,32473223,31117573,19229372,5849131.0,1
591,1,Canada,2022-09-24,89079082,2022-09-24,32473820,31118261,19230712,5853335.0,1
592,1,Canada,2022-09-25,89083613,2022-09-25,32474013,31118474,19231296,5855071.0,1
593,1,Canada,2022-09-26,89121172,2022-09-26,32474515,31118820,19232778,5876001.0,1
594,1,Canada,2022-09-27,89172006,2022-09-27,32475246,31119471,19234660,5903257.0,1
595,1,Canada,2022-09-28,89397549,2022-09-28,32478854,31123138,19246586,5961679.0,1
596,1,Canada,2022-09-29,89567140,2022-09-29,32481918,31124921,19258830,5986066.0,1
597,1,Canada,2022-09-30,89601494,2022-09-30,32482451,31125543,19260365,6004748.0,1
598,1,Canada,2022-10-01,89625672,2022-10-01,32483184,31126552,19262055,6018938.0,1
599,1,Canada,2022-10-02,89636494,2022-10-02,32483425,31126781,19262663,6025732.0,1
600,1,Canada,2022-10-03,89668600,2022-10-03,32483916,31127241,19263840,6041584.0,1
601,1,Canada,2022-10-04,89708810,2022-10-04,32484540,31127972,19265363,6060953.0,1
602,1,Canada,2022-10-05,89876548,2022-10-05,32486802,31130709,19273291,6187279.0,1
603,1,Canada,2022-10-06,90052008,2022-10-06,32488187,31133365,19285472,6326014.0,1
604,1,Canada,2022-10-07,90089188,2022-10-07,32488975,31134502,19287558,6343960.0,1
605,1,Canada,2022-10-08,90107923,2022-10-08,32489524,31135223,19289078,6354511.0,1
606,1,Canada,2022-10-09,90114728,2022-10-09,32489698,31135590,19289627,6358475.0,1
607,1,Canada,2022-10-10,90119668,2022-10-10,32489817,31135699,19289949,6361248.0,1
608,1,Canada,2022-10-11,90154631,2022-10-11,32490398,31136378,19291363,6377565.0,1
609,1,Canada,2022-10-12,90382950,2022-10-12,32494892,31142576,19305523,6457240.0,1
610,1,Canada,2022-10-13,90623570,2022-10-13,32498817,31148005,19321142,6646948.0,1
611,1,Canada,2022-10-14,90658737,2022-10-14,32499533,31148995,19322755,6663421.0,1
612,1,Canada,2022-10-15,90679322,2022-10-15,32500184,31150010,19324335,6673954.0,1
613,1,Canada,2022-10-16,90686636,2022-10-16,32500392,31150486,19324871,6677746.0,1
614,1,Canada,2022-10-17,90829349,2022-10-17,32505505,31154750,19335316,6760313.0,1
615,1,Canada,2022-10-18,90878830,2022-10-18,32506126,31155467,19337264,6782204.0,1
616,1,Canada,2022-10-19,91111490,2022-10-19,32509396,31159598,19349362,7055314.0,1
617,1,Canada,2022-10-20,91322461,2022-10-20,32511522,31163284,19360199,7191531.0,1
618,1,Canada,2022-10-21,91372962,2022-10-21,32512278,31164177,19362467,7214471.0,1
619,1,Canada,2022-10-22,91403424,2022-10-22,32512857,31164955,19364554,7230277.0,1
620,1,Canada,2022-10-23,91417466,2022-10-23,32513091,31165220,19365505,7237745.0,1
621,1,Canada,2022-10-24,91458605,2022-10-24,32513583,31165724,19367288,7255156.0,1
622,1,Canada,2022-10-25,91509822,2022-10-25,32514217,31166376,19369375,7276919.0,1
623,1,Canada,2022-10-26,91771175,2022-10-26,32515995,31168985,19377061,7347215.0,1
624,1,Canada,2022-10-27,92049113,2022-10-27,32519382,31174454,19392580,7522773.0,1
625,1,Canada,2022-10-28,92099201,2022-10-28,32520127,31175224,19394742,7544799.0,1
626,1,Canada,2022-10-29,92127342,2022-10-29,32520800,31176148,19396705,7558894.0,1
627,1,Canada,2022-10-30,92139671,2022-10-30,32521009,31176378,19397463,7565445.0,1
628,1,Canada,2022-10-31,92172440,2022-10-31,32521367,31176575,19398661,7579484.0,1
629,1,Canada,2022-11-01,92216056,2022-11-01,32521959,31177179,19400516,7597681.0,1
630,1,Canada,2022-11-02,92490548,2022-11-02,32523570,31179294,19409926,7698714.0,1
631,1,Canada,2022-11-03,92710633,2022-11-03,32526628,31183352,19422197,7813951.0,1
632,1,Canada,2022-11-04,92754302,2022-11-04,32527314,31184090,19424441,7833606.0,1
633,1,Canada,2022-11-05,92779725,2022-11-05,32527903,31184832,19426483,7846697.0,1
634,1,Canada,2022-11-06,92790076,2022-11-06,32528158,31185063,19427311,7852217.0,1
635,1,Canada,2022-11-07,92790144,2022-11-07,32528162,31185068,19427370,7852217.0,1
636,1,Canada,2022-11-08,92790144,2022-11-08,32528162,31185068,19427370,7852217.0,1
637,1,Canada,2022-11-09,92965442,2022-11-09,32529247,31186429,19432784,7897281.0,1
638,1,Canada,2022-11-10,93171073,2022-11-10,32533024,31190542,19446189,8026478.0,1
639,1,Canada,2022-11-11,93171073,2022-11-11,32533024,31190542,19446189,8026478.0,1
640,1,Canada,2022-11-12,93171073,2022-11-12,32533024,31190542,19446189,8026478.0,1
641,1,Canada,2022-11-13,93171073,2022-11-13,32533024,31190542,19446189,8026478.0,1
642,1,Canada,2022-11-14,93454377,2022-11-14,32538241,31196399,19462828,8190403.0,1
643,1,Canada,2022-11-15,93454377,2022-11-15,32538241,31196399,19462828,8190403.0,1
644,1,Canada,2022-11-16,93624583,2022-11-16,32539281,31197812,19468884,8233258.0,1
645,1,Canada,2022-11-17,93756645,2022-11-17,32541999,31200820,19478723,8305531.0,1
646,1,Canada,2022-11-18,93756645,2022-11-18,32541999,31200820,19478723,8305531.0,1
647,1,Canada,2022-11-19,93756645,2022-11-19,32541999,31200820,19478723,8305531.0,1
648,1,Canada,2022-11-20,93756645,2022-11-20,32541999,31200820,19478723,8305531.0,1
649,1,Canada,2022-11-21,93756996,2022-11-21,32542226,31200878,19478789,8305531.0,1
650,1,Canada,2022-11-22,93756996,2022-11-22,32542226,31200878,19478789,8305531.0,1
651,1,Canada,2022-11-23,93938295,2022-11-23,32543482,31202301,19484581,8342877.0,1
652,1,Canada,2022-11-24,93967996,2022-11-24,32544779,31203388,19487189,8367586.0,1
